,Year,"Total","Total","Total","1999","1999","1999","2000","2000","2000","2001","2001","2001","2002","2002","2002","2003","2003","2003","2004","2004","2004","2005","2005","2005","2006","2006","2006","2007","2007","2007","2008","2008","2008","2009","2009","2009","2010","2010","2010","2011","2011","2011","2012","2012","2012","2013","2013","2013","2014","2014","2014","2015","2015","2015","2016","2016","2016","2017","2017","2017","2018","2018","2018","2019","2019","2019","2020","2020","2020","2021","2021","2021","2022","2022","2022","2023","2023","2023"
,Measures,"Number of vehicles","Number of injured","Number of fatalities","Number of vehicles","Number of injured","Number of fatalities","Number of vehicles","Number of injured","Number of fatalities","Number of vehicles","Number of injured","Number of fatalities","Number of vehicles","Number of injured","Number of fatalities","Number of vehicles","Number of injured","Number of fatalities","Number of vehicles","Number of injured","Number of fatalities","Number of vehicles","Number of injured","Number of fatalities","Number of vehicles","Number of injured","Number of fatalities","Number of vehicles","Number of injured","Number of fatalities","Number of vehicles","Number of injured","Number of fatalities","Number of vehicles","Number of injured","Number of fatalities","Number of vehicles","Number of injured","Number of fatalities","Number of vehicles","Number of injured","Number of fatalities","Number of vehicles","Number of injured","Number of fatalities","Number of vehicles","Number of injured","Number of fatalities","Number of vehicles","Number of injured","Number of fatalities","Number of vehicles","Number of injured","Number of fatalities","Number of vehicles","Number of injured","Number of fatalities","Number of vehicles","Number of injured","Number of fatalities","Number of vehicles","Number of injured","Number of fatalities","Number of vehicles","Number of injured","Number of fatalities","Number of vehicles","Number of injured","Number of fatalities","Number of vehicles","Number of injured","Number of fatalities","Number of vehicles","Number of injured","Number of fatalities","Number of vehicles","Number of injured","Number of fatalities"
"Vehicle Maneuver","1st Impact Loc",
"Total","Total",5628672,3995745,48894,276090,204976,2561,283832,209359,2531,275416,203270,2424,283002,209487,2558,276442,203087,2394,265617,193769,2366,265415,191786,2556,258988,187019,2500,251098,179934,2364,230713,164546,2121,223730,159251,1899,224771,159949,1932,221794,155604,1701,224042,156085,1750,221378,154686,1642,211099,146810,1547,216505,149706,1595,214349,148726,1554,208632,144108,1578,199858,138199,1612,188577,128470,1473,132529,83723,1358,145550,99355,1503,161098,109448,1693,168147,114392,1682
"Total","Front, includes engine hood & windshield",1515923,941473,12471,72575,45611,478,75568,47207,510,73359,46053,500,75389,47319,519,71180,44383,497,67957,42343,468,67672,42164,521,66743,41241,544,65540,40683,566,61035,38111,483,58683,36629,413,59354,37154,524,58698,36072,396,60239,36258,481,61199,36939,465,59511,36017,477,60416,36487,476,60762,37799,484,58240,35984,503,56776,35590,589,52989,33390,491,38318,22514,443,42084,27286,497,45720,29376,613,45916,28863,533
"Total","Roof",27641,35483,1115,1692,2335,64,1734,2261,55,1710,2364,65,1675,2250,53,1633,2204,77,1625,2162,59,1539,1993,78,1534,2043,60,1435,1861,63,1454,1857,72,1377,1763,48,1172,1497,60,1143,1440,47,1013,1276,47,1106,1377,34,907,1127,37,772,921,31,768,940,33,652,788,24,545,630,14,459,530,22,411,399,17,390,461,12,467,538,20,428,466,23
"Total","Rear, including trunk",703897,624774,1096,36136,34787,53,37586,36191,38,37176,35439,43,37579,35534,47,35191,33269,52,32300,29729,46,31995,29004,39,31740,28413,57,29883,26347,61,27449,23896,45,26766,23361,31,27486,24074,38,27443,23732,36,29075,24889,41,29173,25161,45,27807,23887,32,28476,24424,36,27492,23441,50,26875,22836,49,25462,21787,32,23241,19343,50,14541,10549,34,16256,13392,35,17563,14621,57,19206,16668,49
"Total","Left front third of the vehicle",378079,250640,2676,19445,13640,147,19805,13797,132,18908,13154,134,19696,13800,148,18793,12975,133,18013,12483,140,17402,11755,121,16433,11392,137,15964,10700,136,15119,10108,111,14606,9837,103,14626,10014,96,14393,9292,104,14465,9358,100,14574,9469,67,14134,8972,84,14890,9432,75,14693,9465,90,13910,8770,109,13709,8567,82,12837,8123,72,9038,5011,75,9322,5875,90,11289,7125,91,12015,7526,99
"Total","Left middle third of the vehicle",137314,116415,2222,6603,6062,124,6838,6148,130,6639,5928,119,6722,6034,101,6420,5783,109,6260,5515,120,6214,5373,117,6026,5124,131,5925,5049,104,5667,4756,103,5263,4481,91,5029,4230,82,5139,4214,60,5444,4541,83,5514,4633,77,5193,4323,66,5519,4543,95,5396,4406,63,5380,4422,66,5237,4286,72,4859,3802,57,3537,2595,64,3721,2961,69,4320,3518,64,4449,3688,55
"Total","Left rear third of the vehicle",120202,86918,409,5904,4506,26,6075,4763,37,5837,4456,17,6044,4639,15,5852,4505,17,5443,4146,23,5468,4071,37,5032,3738,10,5139,3661,22,4726,3398,17,4547,3334,16,4428,3231,11,4622,3267,23,4541,3262,17,4796,3425,12,4736,3346,11,4837,3390,9,4763,3314,13,4650,3213,16,4374,3004,13,4087,2720,9,2864,1595,5,3087,2002,13,3936,2678,8,4414,3254,12
"Total","Left front two-thirds of the vehicle",95,96,3,0,0,0,13,7,0,18,19,1,16,23,1,12,14,1,5,4,0,3,3,0,12,15,0,6,5,0,0,0,0,0,0,0,1,1,0,2,2,0,4,2,0,0,0,0,0,0,0,1,0,0,1,0,0,1,1,0,0,0,0,0,0,0,0,0,0,0,0,0,0,0,0,0,0,0
"Total","Left rear two-thirds of the vehicle",26,22,0,0,0,0,4,5,0,4,3,0,6,5,0,1,1,0,2,2,0,1,0,0,3,4,0,0,0,0,0,0,0,0,0,0,0,0,0,0,0,0,1,1,0,0,0,0,1,1,0,1,0,0,1,0,0,0,0,0,1,0,0,0,0,0,0,0,0,0,0,0,0,0,0,0,0,0
"Total","Entire left side",68271,62978,1245,4412,4402,100,4017,3960,71,3749,3736,64,3575,3577,72,3472,3335,74,3297,3232,72,3115,3081,59,2912,2761,57,2775,2664,55,2816,2655,60,2845,2586,58,2792,2465,45,2801,2519,47,2416,2155,37,2769,2498,49,2490,2214,40,2408,2125,30,2415,2087,34,2395,2056,32,2336,2021,32,1891,1626,37,1474,1078,26,1601,1312,33,1609,1330,26,1889,1503,35
"Total","Left side unspecified",2156,2180,50,0,0,0,1,0,0,6,7,0,7,9,0,3,3,0,2,1,0,11,18,0,1,1,0,87,111,2,101,133,5,77,85,3,103,119,2,90,88,1,189,198,3,150,158,4,123,110,3,144,139,3,159,151,4,150,145,3,115,117,1,132,127,1,114,108,2,124,111,7,127,111,3,140,130,3
"Total","Right front third of the vehicle",385202,238273,2023,20652,13484,121,20724,13408,113,20035,13019,119,20265,13214,127,19235,12195,131,18650,12074,76,17869,11284,113,17171,10836,94,16414,10434,83,15077,9383,85,14939,9385,81,14619,9398,68,14383,8919,67,14660,8768,61,14723,8788,56,13902,8334,62,14940,8809,75,14693,8669,71,13790,8252,66,13391,8090,63,12605,7415,63,8799,4434,37,9443,5627,63,11387,6603,63,12836,7451,65
"Total","Right middle third of the vehicle",135157,107874,2170,6309,5319,122,6929,5837,140,6368,5527,140,6746,5728,139,6261,5233,108,5902,4935,112,5971,4919,102,5788,4690,117,5742,4591,108,5510,4409,103,4935,3866,90,5009,3860,81,5088,3963,75,5439,4187,70,5456,4221,70,5207,4060,70,5407,4251,59,5448,4324,71,5235,4080,46,5069,3917,67,4817,3726,70,3491,2288,45,3783,2884,48,4475,3450,40,4772,3609,77
"Total","Right rear third of the vehicle",113550,78990,392,5518,4095,20,5820,4403,21,5552,4235,25,5598,4271,28,5522,4182,21,5169,3880,25,4977,3598,29,4709,3434,21,4707,3350,19,4455,3194,21,4350,2933,20,4340,2963,11,4248,2929,15,4413,3046,8,4701,3184,16,4476,3057,8,4737,3014,5,4511,2905,11,4461,2930,10,4147,2715,12,3894,2512,13,2709,1375,5,2823,1743,8,3581,2281,10,4132,2761,10
"Total","Right front two-thirds of the vehicle",64,51,3,0,0,0,15,13,0,5,4,0,5,4,0,7,6,1,1,2,0,2,1,0,8,4,0,4,4,0,3,2,1,0,0,0,2,1,0,0,0,0,1,1,0,2,5,1,0,0,0,2,1,0,0,0,0,1,1,0,1,2,0,1,0,0,1,0,0,1,0,0,1,0,0,1,0,0
"Total","Right rear two-thirds of the vehicle",15,15,0,0,0,0,2,2,0,0,0,0,1,1,0,0,0,0,2,3,0,0,0,0,1,0,0,0,0,0,1,0,0,1,2,0,1,2,0,0,0,0,0,0,0,0,0,0,0,0,0,0,0,0,1,0,0,0,0,0,0,0,0,1,1,0,1,1,0,1,1,0,1,1,0,1,1,0
"Total","Entire right side",65900,60265,1326,4421,4425,78,4068,4095,63,3774,3732,107,3489,3515,84,3256,3191,101,2911,2864,60,2709,2607,83,2642,2410,56,2531,2459,95,2690,2524,71,2653,2414,59,2717,2459,44,2593,2177,40,2378,2069,48,2530,2220,48,2438,2185,30,2284,1971,28,2408,2089,24,2366,1985,34,2408,2007,38,2043,1658,24,1490,1057,26,1622,1344,23,1662,1398,40,1817,1410,22
"Total","Right side unspecified",1729,1739,53,0,0,0,0,0,0,0,0,0,1,1,0,3,4,0,0,0,0,8,15,0,3,5,0,63,69,4,73,78,4,67,65,2,77,85,3,72,81,1,120,122,2,139,139,5,108,102,3,118,117,3,134,137,4,104,103,1,104,103,4,113,100,5,102,103,0,92,79,6,120,118,3,108,113,3
"Total","Undercarriage",12580,12841,215,742,799,13,767,859,15,731,806,16,780,913,17,713,766,12,691,742,9,632,635,11,624,632,12,613,628,5,526,540,11,446,444,9,495,500,6,489,509,5,436,426,4,470,443,7,429,438,6,403,406,6,413,387,6,389,339,9,375,344,7,324,287,8,272,243,1,268,236,5,284,267,7,268,252,8
"Total","Interior",435,397,18,16,19,0,15,14,0,17,14,2,15,20,0,12,11,2,11,11,0,16,18,1,14,15,0,11,9,0,12,12,0,13,11,4,15,14,3,14,16,0,18,15,2,27,27,1,31,17,2,39,39,1,25,17,0,21,16,0,30,25,0,25,19,0,12,11,0,8,7,0,6,5,0,12,15,0
"Total","Attachment (either towed or trailer) was hit first",5640,1570,22,152,44,0,252,86,0,241,83,1,242,91,0,287,85,1,233,65,0,269,68,5,286,76,1,242,58,0,231,67,0,163,57,0,205,60,1,244,78,3,264,94,0,290,77,1,266,58,1,223,61,1,161,45,1,234,60,1,226,57,1,198,44,1,167,37,0,141,33,2,234,45,0,189,41,1
"Total","No apparent damage",73596,20772,183,2170,454,3,4200,977,7,4340,1045,5,4263,1045,7,4209,993,9,4192,1054,6,4115,1020,7,4001,999,5,3502,823,4,2933,707,2,3064,812,5,3250,845,4,3086,821,2,2944,739,5,2909,828,11,2725,700,9,3148,987,8,2825,844,15,2213,549,2,2370,691,8,2188,646,10,1143,648,8,1122,736,9,1450,1013,24,1234,796,8
"Total","Data element is not applicable",0,0,0,0,0,0,0,0,0,0,0,0,0,0,0,0,0,0,0,0,0,0,0,0,0,0,0,0,0,0,0,0,0,0,0,0,0,0,0,0,0,0,0,0,0,0,0,0,0,0,0,0,0,0,0,0,0,0,0,0,0,0,0,0,0,0,0,0,0,0,0,0,0,0,0,0,0,0
"Total","Choice is other than the preceding values",246824,264438,7909,13368,15631,468,11586,13698,459,12273,14267,452,13015,14936,471,14078,16149,425,12706,14612,474,13269,14725,508,13772,15270,472,13629,15059,423,11204,11991,345,10078,10829,328,9811,10443,335,10373,10874,288,11361,11115,246,9385,9442,224,8592,9075,241,8589,8929,232,8075,8416,211,8615,8685,220,7407,7536,205,6461,6346,176,4295,3521,145,4791,3922,136,5050,4497,201,5041,4470,224
"Total","Unknown",1634376,1087541,13293,75975,49363,744,77813,51628,740,74674,49379,614,77873,52558,729,80302,53800,623,80245,53910,676,82158,55434,725,79533,53916,726,76886,51369,614,69631,46725,582,68857,46357,538,69239,46534,518,66873,44611,491,64621,43563,495,61465,41652,449,58023,38787,365,59151,39660,422,59205,39290,369,58950,38893,387,55775,36710,372,55412,36055,364,39750,26156,425,44870,29343,447,47816,30473,423,49279,31375,455
"Total","Jurisdiction does not provide this data element",0,0,0,0,0,0,0,0,0,0,0,0,0,0,0,0,0,0,0,0,0,0,0,0,0,0,0,0,0,0,0,0,0,0,0,0,0,0,0,0,0,0,0,0,0,0,0,0,0,0,0,0,0,0,0,0,0,0,0,0,0,0,0,0,0,0,0,0,0,0,0,0,0,0,0,0,0,0
"Going straight ahead","Total",2815230,2179375,31778,140892,111479,1742,143695,112830,1780,138246,108972,1606,141655,112639,1774,140246,110930,1583,136337,107666,1602,135476,106861,1671,129954,102634,1591,126541,99103,1533,117378,91476,1333,113694,88779,1201,112819,88594,1249,110590,85351,1086,111230,85151,1140,108994,83290,1027,103500,79100,948,106361,80325,1006,107197,81755,981,103067,78185,1022,98567,75256,1048,93687,70384,924,67347,46489,876,73201,55218,940,78235,59125,1045,76321,57783,1070
"Going straight ahead","Front, includes engine hood & windshield",894956,624770,8307,44232,30827,340,45852,31760,358,43662,30565,350,44120,31223,384,42809,29911,323,41390,29177,328,40442,28439,340,38575,26864,348,38106,26443,367,36180,25151,303,35259,24622,269,35575,24954,363,34967,24103,252,35819,24204,326,36343,24766,299,34639,23908,305,35716,24219,318,36629,25582,322,34248,23825,337,33222,23584,381,31100,22240,318,22615,14549,283,24394,17757,328,25378,18605,420,23684,17492,345
"Going straight ahead","Roof",22284,29257,909,1419,1985,54,1443,1924,49,1409,2008,56,1373,1871,46,1363,1860,58,1350,1843,46,1281,1680,70,1259,1710,56,1144,1508,52,1167,1528,54,1112,1444,36,921,1210,44,928,1178,37,813,1055,39,898,1142,33,726,917,30,609,733,25,600,751,26,507,639,19,418,498,11,339,404,16,304,301,12,288,352,9,326,393,13,287,323,18
"Going straight ahead","Rear, including trunk",98364,86616,512,4621,4468,30,4759,4570,14,4965,4615,18,5005,4682,28,4835,4594,25,4524,4205,26,4455,4108,19,4283,3822,27,4324,3847,30,3979,3520,25,3907,3397,10,3986,3556,20,4094,3593,17,4031,3561,25,3986,3456,18,3840,3317,14,3876,3330,17,3978,3355,15,3745,3161,21,3605,3046,18,3504,2797,20,2235,1549,17,2597,2037,13,2655,2009,22,2575,2021,23
"Going straight ahead","Left front third of the vehicle",203219,156190,1875,11126,8887,106,11177,8739,85,10502,8281,94,10769,8564,108,10329,8184,91,9946,7891,97,9615,7503,74,8930,7238,103,8749,6768,97,8243,6309,77,7847,6215,65,7793,6265,63,7606,5803,70,7837,5981,73,7823,5917,51,7520,5586,50,7883,5840,54,7981,6057,66,7482,5555,75,7236,5439,61,6743,4984,55,4782,2930,59,4883,3581,68,5403,3950,62,5014,3723,71
"Going straight ahead","Left middle third of the vehicle",71049,65489,1187,3500,3496,67,3609,3512,80,3334,3251,60,3543,3436,54,3380,3280,61,3417,3221,65,3265,3039,72,3165,2951,65,3094,2900,55,2969,2706,51,2818,2632,53,2670,2469,48,2721,2423,31,2870,2612,42,2921,2653,33,2675,2453,36,2828,2518,47,2867,2513,37,2773,2479,32,2659,2416,39,2406,2049,27,1781,1361,28,1842,1610,44,2059,1867,37,1883,1642,23
"Going straight ahead","Left rear third of the vehicle",45168,36271,254,2263,1918,18,2405,2089,26,2278,1943,12,2274,1958,11,2270,1922,11,2149,1754,13,2180,1816,22,1960,1641,4,1965,1592,13,1840,1488,12,1814,1485,14,1618,1336,5,1719,1371,11,1616,1353,13,1759,1433,8,1747,1363,3,1810,1380,2,1816,1415,7,1698,1286,12,1620,1217,7,1507,1092,6,1094,670,4,1174,854,9,1305,938,6,1287,957,5
"Going straight ahead","Left front two-thirds of the vehicle",60,56,2,0,0,0,7,4,0,8,6,0,12,18,1,9,9,1,5,4,0,2,1,0,7,8,0,3,1,0,0,0,0,0,0,0,0,0,0,2,2,0,2,2,0,0,0,0,0,0,0,1,0,0,1,0,0,1,1,0,0,0,0,0,0,0,0,0,0,0,0,0,0,0,0,0,0,0
"Going straight ahead","Left rear two-thirds of the vehicle",11,8,0,0,0,0,2,2,0,1,1,0,4,3,0,0,0,0,0,0,0,0,0,0,1,1,0,0,0,0,0,0,0,0,0,0,0,0,0,0,0,0,1,1,0,0,0,0,0,0,0,1,0,0,0,0,0,0,0,0,1,0,0,0,0,0,0,0,0,0,0,0,0,0,0,0,0,0
"Going straight ahead","Entire left side",43903,43001,885,2808,2955,65,2592,2729,51,2451,2576,42,2345,2408,54,2200,2289,58,2154,2222,51,2051,2162,43,1913,1902,40,1881,1903,48,1843,1812,37,1853,1786,38,1779,1654,31,1771,1712,38,1573,1506,23,1808,1731,40,1599,1540,29,1483,1391,21,1529,1416,22,1512,1383,22,1443,1335,21,1166,1096,27,951,705,19,1033,905,19,999,889,19,1166,994,27
"Going straight ahead","Left side unspecified",1293,1374,28,0,0,0,0,0,0,3,5,0,4,6,0,3,3,0,0,0,0,8,15,0,1,1,0,56,76,1,61,80,2,48,55,2,59,70,1,56,59,1,127,136,2,93,99,4,76,76,1,83,81,2,95,98,2,91,92,3,72,80,0,68,66,1,64,67,0,74,70,4,69,60,2,82,79,0
"Going straight ahead","Right front third of the vehicle",207348,145211,1346,12025,8711,93,11957,8553,88,11386,8239,73,11436,8236,89,10586,7496,88,10230,7399,56,9841,7008,78,9417,6585,58,8889,6284,52,8053,5641,40,8187,5885,57,7822,5797,40,7636,5387,43,7621,5277,38,7685,5285,32,7323,5013,37,7956,5379,44,7805,5349,53,7376,5043,45,7051,4904,53,6697,4529,41,4644,2541,24,4897,3304,38,5453,3628,42,5375,3738,44
"Going straight ahead","Right middle third of the vehicle",63725,56030,1246,2976,2724,80,3444,3134,92,2921,2802,85,3228,2960,87,3075,2838,60,2939,2674,71,2874,2621,60,2663,2361,66,2740,2426,60,2675,2438,55,2339,2070,47,2323,2027,48,2371,2098,42,2610,2215,32,2584,2222,33,2430,2093,26,2493,2116,33,2622,2301,44,2451,2110,24,2378,2013,37,2209,1862,42,1675,1138,21,1824,1515,32,1981,1690,15,1900,1582,54
"Going straight ahead","Right rear third of the vehicle",36789,28728,254,1845,1509,17,1868,1505,18,1727,1462,17,1820,1551,19,1778,1503,13,1801,1484,14,1711,1374,21,1538,1276,15,1651,1320,11,1477,1173,11,1358,1065,14,1418,1157,8,1366,1074,12,1485,1193,7,1504,1142,8,1461,1075,5,1511,1110,4,1476,1132,7,1427,1078,6,1344,1003,5,1320,950,6,911,485,4,934,661,5,1062,769,3,996,677,4
"Going straight ahead","Right front two-thirds of the vehicle",31,22,0,0,0,0,8,7,0,1,1,0,4,3,0,3,1,0,1,2,0,1,0,0,7,4,0,2,2,0,1,1,0,0,0,0,1,0,0,0,0,0,1,1,0,0,0,0,0,0,0,1,0,0,0,0,0,0,0,0,0,0,0,0,0,0,0,0,0,0,0,0,0,0,0,0,0,0
"Going straight ahead","Right rear two-thirds of the vehicle",3,3,0,0,0,0,1,1,0,0,0,0,1,1,0,0,0,0,1,1,0,0,0,0,0,0,0,0,0,0,0,0,0,0,0,0,0,0,0,0,0,0,0,0,0,0,0,0,0,0,0,0,0,0,0,0,0,0,0,0,0,0,0,0,0,0,0,0,0,0,0,0,0,0,0,0,0,0
"Going straight ahead","Entire right side",38731,38343,913,2649,2807,45,2482,2663,47,2266,2412,74,2088,2234,64,1913,2025,60,1708,1825,46,1666,1724,63,1607,1567,44,1585,1664,68,1647,1667,50,1546,1539,34,1530,1518,31,1516,1403,24,1390,1344,42,1461,1428,34,1400,1332,20,1326,1243,21,1308,1231,15,1347,1211,25,1359,1239,21,1157,1065,16,877,656,19,952,822,13,919,832,19,1032,892,18
"Going straight ahead","Right side unspecified",1023,1083,25,0,0,0,0,0,0,0,0,0,1,1,0,2,3,0,0,0,0,5,11,0,1,4,0,47,49,2,49,57,2,38,40,2,40,40,0,38,44,1,69,73,1,76,75,3,70,75,1,68,73,1,86,95,2,63,66,0,58,61,3,62,60,3,56,62,0,58,54,2,70,69,1,66,71,1
"Going straight ahead","Undercarriage",8340,8809,160,495,555,9,537,616,14,499,568,14,545,673,14,458,506,9,463,526,8,416,427,4,422,449,10,400,422,0,349,366,8,285,290,5,323,329,4,322,343,3,296,307,4,321,309,5,278,291,5,263,276,3,285,273,5,241,218,9,250,236,7,198,184,4,181,158,1,179,155,5,175,177,3,159,155,7
"Going straight ahead","Interior",316,317,18,11,13,0,10,11,0,13,11,2,15,20,0,9,9,2,10,11,0,15,18,1,12,13,0,7,6,0,8,10,0,10,10,4,13,14,3,10,12,0,14,14,2,19,18,1,21,15,2,29,30,1,12,12,0,15,13,0,18,16,0,17,12,0,9,8,0,5,5,0,6,5,0,8,11,0
"Going straight ahead","Attachment (either towed or trailer) was hit first",300,89,2,0,0,0,21,7,0,15,4,0,20,8,0,23,8,1,15,3,0,22,8,1,23,9,0,14,2,0,16,5,0,13,8,0,13,2,0,12,5,0,13,2,0,7,1,0,7,1,0,8,5,0,10,3,0,8,1,0,3,1,0,5,2,0,9,2,0,4,1,0,14,1,0,5,0,0
"Going straight ahead","No apparent damage",29494,11537,125,882,227,2,1755,519,5,1785,563,3,1845,588,3,1741,536,6,1634,592,5,1575,581,5,1561,568,1,1325,456,2,1133,398,1,1170,431,5,1228,473,2,1148,444,2,1137,423,3,1129,474,6,1044,403,5,1231,551,8,1113,488,10,810,318,1,954,423,6,886,378,8,536,327,6,517,360,8,737,577,18,618,439,4
"Going straight ahead","Data element is not applicable",0,0,0,0,0,0,0,0,0,0,0,0,0,0,0,0,0,0,0,0,0,0,0,0,0,0,0,0,0,0,0,0,0,0,0,0,0,0,0,0,0,0,0,0,0,0,0,0,0,0,0,0,0,0,0,0,0,0,0,0,0,0,0,0,0,0,0,0,0,0,0,0,0,0,0,0,0,0
"Going straight ahead","Choice is other than the preceding values",130020,139193,4030,7502,8667,267,6507,7655,261,6708,7737,222,7108,8226,264,7719,8732,236,6703,7599,278,7088,7844,254,7466,8202,202,7182,7760,205,5843,6103,169,5200,5489,148,5074,5281,176,5242,5405,142,5777,5674,114,4456,4419,92,4209,4362,109,4279,4469,93,4086,4271,85,4584,4642,118,3780,3908,111,3393,3403,89,2419,2215,102,2725,2506,83,2474,2294,86,2496,2330,124
"Going straight ahead","Unknown",918803,706978,9700,42538,31730,549,43259,32830,592,42312,31922,484,44095,33969,548,45741,35221,480,45897,35233,498,46963,36482,544,45143,35458,552,43377,33674,470,39845,31023,436,38890,30316,398,38633,30442,362,37065,28892,360,36128,28217,354,34121,26720,327,32435,25280,270,32906,25581,312,32898,25413,263,32688,25064,273,31096,23837,267,30910,23211,245,22204,16765,277,24821,18669,260,27150,20372,277,27688,20657,302
"Going straight ahead","Jurisdiction does not provide this data element",0,0,0,0,0,0,0,0,0,0,0,0,0,0,0,0,0,0,0,0,0,0,0,0,0,0,0,0,0,0,0,0,0,0,0,0,0,0,0,0,0,0,0,0,0,0,0,0,0,0,0,0,0,0,0,0,0,0,0,0,0,0,0,0,0,0,0,0,0,0,0,0,0,0,0,0,0,0
"Turning left","Total",535226,324723,1879,25995,17699,145,26543,18039,97,25670,17248,130,26242,17787,96,25892,17061,89,24796,16036,104,24455,15513,115,23950,15076,85,23083,14447,75,20871,12571,86,21329,12817,64,22542,13333,73,21089,12254,66,21346,12155,63,21073,12085,52,19700,11237,48,21206,12209,59,21471,12201,53,20333,11528,59,20051,11223,67,18817,10513,63,13233,6589,38,14327,7923,36,15446,8563,72,15766,8616,44
"Turning left","Front, includes engine hood & windshield",106027,56802,154,4350,2585,6,4598,2684,12,4403,2589,15,4683,2814,2,4602,2693,1,4408,2449,9,4390,2448,6,4242,2381,4,4274,2338,8,3978,2119,9,4086,2177,3,4350,2292,11,4044,2104,5,4370,2192,3,4437,2224,8,4307,2166,3,4581,2397,4,4848,2414,3,4567,2267,9,4616,2345,5,4325,2231,9,3051,1359,5,3448,1850,3,3567,1897,6,3502,1787,5
"Turning left","Roof",526,537,13,18,19,2,26,31,1,34,39,1,27,25,0,32,41,1,31,31,0,31,31,0,34,44,0,23,26,0,29,24,0,26,26,2,28,23,1,24,30,1,16,11,2,14,21,0,20,15,0,16,17,1,22,15,1,15,11,0,13,12,0,12,12,0,9,7,0,8,8,0,12,10,0,6,8,0
"Turning left","Rear, including trunk",17744,16481,28,1165,1229,2,1177,1170,1,1099,1141,4,1105,1089,2,1109,1053,1,975,935,1,914,889,2,856,803,1,843,809,3,645,608,0,672,633,0,637,572,1,617,557,0,640,565,0,637,563,3,546,494,0,596,497,0,555,463,1,506,430,0,506,472,1,440,350,3,400,314,0,388,284,0,378,290,2,338,271,0
"Turning left","Left front third of the vehicle",58818,27749,101,2982,1622,1,2952,1610,4,2832,1530,11,2884,1571,4,2763,1441,9,2624,1398,6,2482,1191,4,2535,1241,6,2379,1138,8,2199,1044,4,2362,1045,3,2459,1182,0,2425,1089,4,2283,980,4,2298,1021,2,2235,957,6,2559,1122,2,2458,1103,4,2355,994,4,2305,904,4,2195,988,5,1468,554,1,1470,594,0,1685,737,3,1629,693,2
"Turning left","Left middle third of the vehicle",17551,13990,180,920,800,11,955,842,9,972,817,15,895,760,13,874,788,8,785,653,8,830,694,9,759,616,6,798,610,6,696,562,12,676,546,10,691,542,7,660,514,5,663,526,6,664,489,3,601,453,1,682,539,7,674,518,1,676,512,5,640,464,9,597,426,7,431,275,10,441,309,3,494,357,6,477,378,3
"Turning left","Left rear third of the vehicle",12370,8715,20,662,551,1,686,537,2,703,507,0,691,510,1,654,511,0,594,431,0,607,423,1,540,409,0,546,349,2,528,363,0,472,321,1,540,386,3,477,347,2,448,289,2,467,297,0,440,289,1,486,336,0,461,321,2,418,283,2,412,273,0,390,261,0,275,169,0,284,169,0,305,192,0,284,191,0
"Turning left","Left front two-thirds of the vehicle",2,0,0,0,0,0,0,0,0,1,0,0,0,0,0,0,0,0,0,0,0,0,0,0,0,0,0,0,0,0,0,0,0,0,0,0,0,0,0,0,0,0,1,0,0,0,0,0,0,0,0,0,0,0,0,0,0,0,0,0,0,0,0,0,0,0,0,0,0,0,0,0,0,0,0,0,0,0
"Turning left","Left rear two-thirds of the vehicle",3,2,0,0,0,0,0,0,0,1,0,0,1,2,0,0,0,0,0,0,0,1,0,0,0,0,0,0,0,0,0,0,0,0,0,0,0,0,0,0,0,0,0,0,0,0,0,0,0,0,0,0,0,0,0,0,0,0,0,0,0,0,0,0,0,0,0,0,0,0,0,0,0,0,0,0,0,0
"Turning left","Entire left side",9981,8478,136,675,617,22,606,540,14,551,520,9,496,501,4,547,485,6,478,432,6,439,390,6,403,354,7,356,307,3,356,328,8,409,346,1,441,344,4,425,328,4,362,293,5,361,281,1,344,246,2,354,308,3,347,277,4,360,278,3,349,294,4,303,230,7,200,153,3,232,174,3,256,197,3,331,255,4
"Turning left","Left side unspecified",225,192,1,0,0,0,0,0,0,2,2,0,1,0,0,0,0,0,1,0,0,0,0,0,0,0,0,3,2,0,4,4,0,8,6,0,9,10,0,8,5,0,14,13,0,17,18,0,10,10,0,13,14,0,17,14,0,20,16,0,11,9,1,21,21,0,15,15,0,15,9,0,20,12,0,16,12,0
"Turning left","Right front third of the vehicle",63119,36189,125,3240,1990,5,3309,2033,3,3218,1938,12,3137,1958,4,2949,1760,10,3024,1841,2,2812,1683,11,2722,1604,4,2622,1543,4,2382,1357,8,2437,1400,5,2609,1514,6,2388,1367,3,2582,1421,3,2547,1367,1,2350,1297,6,2565,1427,6,2689,1453,5,2310,1312,3,2461,1380,2,2197,1212,4,1476,631,2,1573,888,4,1769,945,7,1751,868,5
"Turning left","Right middle third of the vehicle",26246,20323,148,1277,1098,9,1404,1176,6,1287,1111,7,1353,1123,16,1226,998,11,1160,929,5,1144,942,6,1154,885,7,1078,843,5,1010,773,6,979,722,4,1054,797,5,1013,741,8,1066,772,6,1067,840,2,959,744,6,1090,836,3,1080,804,4,1045,832,6,988,755,7,991,752,8,608,337,2,659,446,2,775,544,2,779,523,5
"Turning left","Right rear third of the vehicle",20673,12879,16,1010,669,1,1051,778,1,1040,728,0,1064,773,2,956,652,0,881,580,3,851,538,1,866,577,0,813,530,0,795,540,1,854,482,2,890,528,0,767,487,2,771,458,0,874,505,2,827,520,0,916,533,0,929,544,0,835,474,0,781,465,0,742,446,0,511,219,0,496,267,0,587,299,1,566,287,0
"Turning left","Right front two-thirds of the vehicle",10,4,0,0,0,0,2,1,0,1,1,0,0,0,0,0,0,0,0,0,0,0,0,0,1,0,0,0,0,0,0,0,0,0,0,0,0,0,0,0,0,0,0,0,0,0,0,0,0,0,0,0,0,0,0,0,0,0,0,0,1,2,0,1,0,0,1,0,0,1,0,0,1,0,0,1,0,0
"Turning left","Right rear two-thirds of the vehicle",6,7,0,0,0,0,0,0,0,0,0,0,0,0,0,0,0,0,0,0,0,0,0,0,0,0,0,0,0,0,0,0,0,1,2,0,0,0,0,0,0,0,0,0,0,0,0,0,0,0,0,0,0,0,0,0,0,0,0,0,0,0,0,1,1,0,1,1,0,1,1,0,1,1,0,1,1,0
"Turning left","Entire right side",16442,13769,167,1058,946,10,976,880,4,912,801,8,887,826,9,821,715,7,728,657,8,620,539,9,591,482,8,575,499,11,609,532,5,664,554,12,759,632,8,641,486,6,584,469,5,644,510,6,612,519,5,581,466,4,701,591,6,609,514,3,663,514,13,537,389,1,348,232,3,389,318,3,439,350,10,494,348,3
"Turning left","Right side unspecified",222,194,3,0,0,0,0,0,0,0,0,0,0,0,0,0,0,0,0,0,0,0,0,0,1,1,0,5,5,0,7,4,0,8,5,0,9,10,0,9,9,0,21,19,0,23,25,1,8,6,0,13,9,0,14,11,0,17,14,0,18,16,0,15,11,0,13,11,0,8,6,1,15,14,1,18,18,0
"Turning left","Undercarriage",385,334,1,27,23,0,20,21,1,29,27,0,17,20,0,29,24,0,22,15,0,15,11,0,18,16,0,19,17,0,15,17,0,13,9,0,20,21,0,18,19,0,10,5,0,14,16,0,11,7,0,14,9,0,12,8,0,11,6,0,10,7,0,11,6,0,4,5,0,9,5,0,6,7,0,11,13,0
"Turning left","Interior",29,21,0,3,4,0,1,1,0,1,1,0,0,0,0,1,1,0,0,0,0,1,0,0,0,0,0,2,2,0,2,1,0,0,0,0,1,0,0,0,0,0,0,0,0,1,0,0,3,0,0,5,5,0,3,2,0,0,0,0,2,2,0,2,2,0,0,0,0,0,0,0,0,0,0,1,0,0
"Turning left","Attachment (either towed or trailer) was hit first",41,8,0,0,0,0,0,0,0,3,0,0,4,0,0,1,1,0,1,0,0,2,0,0,2,0,0,0,0,0,2,1,0,1,0,0,3,0,0,2,0,0,3,0,0,2,2,0,2,2,0,1,1,0,0,0,0,1,0,0,1,0,0,4,0,0,3,1,0,1,0,0,1,0,0,1,0,0
"Turning left","No apparent damage",11139,1160,10,327,22,1,555,54,0,571,65,1,552,55,0,545,47,0,598,52,0,617,55,0,594,52,1,503,40,0,440,35,1,472,37,0,586,48,1,512,38,0,482,39,0,462,43,2,483,39,1,549,60,0,524,48,1,437,25,1,441,21,0,412,37,0,102,51,0,84,37,0,151,83,0,140,77,0
"Turning left","Data element is not applicable",0,0,0,0,0,0,0,0,0,0,0,0,0,0,0,0,0,0,0,0,0,0,0,0,0,0,0,0,0,0,0,0,0,0,0,0,0,0,0,0,0,0,0,0,0,0,0,0,0,0,0,0,0,0,0,0,0,0,0,0,0,0,0,0,0,0,0,0,0,0,0,0,0,0,0,0,0,0
"Turning left","Choice is other than the preceding values",19547,16735,214,1066,1061,18,841,825,12,929,874,17,1037,939,9,1190,1107,14,1044,966,17,1092,1020,19,1132,1024,12,1161,1076,6,841,676,12,849,702,6,813,718,3,871,713,7,1033,788,7,654,561,4,516,480,1,520,478,5,532,492,7,591,497,5,507,441,8,433,337,1,470,236,1,544,269,6,430,233,10,451,222,7
"Turning left","Unknown",154120,90154,562,7215,4463,56,7384,4856,27,7081,4557,30,7408,4821,30,7593,4744,21,7442,4667,39,7607,4659,41,7500,4587,29,7083,4313,19,6333,3583,20,6340,3804,15,6643,3714,23,6188,3420,19,5997,3315,20,5890,3302,17,5426,2993,16,5665,3155,24,5605,3123,14,5560,3063,18,5326,2847,13,5188,2801,18,3847,2019,11,4276,2289,11,4554,2395,21,4969,2664,10
"Turning left","Jurisdiction does not provide this data element",0,0,0,0,0,0,0,0,0,0,0,0,0,0,0,0,0,0,0,0,0,0,0,0,0,0,0,0,0,0,0,0,0,0,0,0,0,0,0,0,0,0,0,0,0,0,0,0,0,0,0,0,0,0,0,0,0,0,0,0,0,0,0,0,0,0,0,0,0,0,0,0,0,0,0,0,0,0
"Turning right","Total",160546,68736,320,7276,3371,5,7540,3673,18,7637,3653,21,7603,3682,20,7421,3429,16,7158,3284,8,7066,2988,17,6930,3058,16,6799,2937,10,6453,2800,16,6407,2819,17,6842,3045,18,6672,2712,15,6758,2631,17,6521,2593,8,5974,2343,9,6463,2480,16,6553,2574,6,6160,2441,7,5889,2247,11,5666,2319,11,4204,1672,8,4584,2034,6,4898,2040,11,5072,1911,13
"Turning right","Front, includes engine hood & windshield",30925,11206,45,1260,443,0,1289,480,2,1370,541,2,1411,598,3,1327,519,2,1270,479,1,1288,453,2,1278,500,1,1315,484,0,1235,438,2,1222,463,1,1360,560,2,1235,421,1,1323,440,4,1290,410,2,1298,431,1,1323,417,3,1363,498,0,1279,421,0,1271,419,7,1182,392,3,885,319,1,960,378,2,956,385,1,935,317,2
"Turning right","Roof",353,383,6,22,29,0,26,31,0,19,27,2,18,14,0,14,14,0,19,24,0,24,24,1,16,16,0,16,20,1,17,13,0,20,23,1,21,25,0,14,16,0,11,12,0,10,10,0,3,2,0,11,10,0,10,9,0,12,14,1,7,5,0,8,12,0,6,5,0,7,5,0,13,14,0,9,9,0
"Turning right","Rear, including trunk",9180,9086,3,514,537,0,577,616,0,566,616,1,546,572,0,506,544,1,473,487,0,453,468,0,420,407,0,403,403,0,370,380,0,371,384,0,374,360,1,344,332,0,386,336,0,353,336,0,337,305,0,313,295,0,314,295,0,299,281,0,261,242,0,272,259,0,162,141,0,180,147,0,206,184,0,180,159,0
"Turning right","Left front third of the vehicle",14264,6065,18,636,282,1,731,318,2,659,283,0,673,323,0,658,288,2,629,272,0,577,224,0,557,241,1,523,235,1,580,265,1,533,264,1,634,329,2,622,252,1,588,237,1,589,241,0,554,249,2,620,244,2,647,263,0,527,207,1,597,218,0,504,204,0,424,154,0,366,168,0,418,159,0,418,145,0
"Turning right","Left middle third of the vehicle",2546,1838,17,113,93,1,104,91,2,119,93,1,99,77,0,112,76,0,108,84,0,111,73,1,97,77,0,98,77,0,112,86,4,102,73,0,107,90,0,109,80,0,106,65,0,120,82,0,82,57,0,108,73,2,102,74,1,103,77,0,101,67,0,105,68,1,64,35,1,82,52,0,96,67,1,86,51,2
"Turning right","Left rear third of the vehicle",2992,2214,3,169,123,0,143,122,0,169,138,1,143,122,0,151,109,0,164,124,0,115,90,0,107,78,0,124,104,0,112,84,0,142,106,0,125,93,0,125,92,0,101,72,0,109,80,0,97,57,0,126,92,1,113,78,0,111,84,0,113,83,1,106,78,0,81,37,0,69,52,0,87,49,0,90,67,0
"Turning right","Left front two-thirds of the vehicle",4,6,0,0,0,0,0,0,0,1,1,0,0,0,0,0,0,0,0,0,0,0,0,0,0,0,0,2,4,0,0,0,0,0,0,0,1,1,0,0,0,0,0,0,0,0,0,0,0,0,0,0,0,0,0,0,0,0,0,0,0,0,0,0,0,0,0,0,0,0,0,0,0,0,0,0,0,0
"Turning right","Left rear two-thirds of the vehicle",5,7,0,0,0,0,2,3,0,0,0,0,0,0,0,0,0,0,1,1,0,0,0,0,1,2,0,0,0,0,0,0,0,0,0,0,0,0,0,0,0,0,0,0,0,0,0,0,1,1,0,0,0,0,0,0,0,0,0,0,0,0,0,0,0,0,0,0,0,0,0,0,0,0,0,0,0,0
"Turning right","Entire left side",1815,1496,14,109,112,0,101,88,2,104,98,1,76,77,0,71,63,0,81,73,1,62,41,0,65,48,1,67,53,0,74,68,0,69,60,2,72,59,0,82,58,2,57,37,0,74,53,2,75,71,1,76,63,1,76,59,0,68,57,1,75,54,0,65,48,0,44,27,0,50,42,0,56,39,0,66,48,0
"Turning right","Left side unspecified",57,53,0,0,0,0,0,0,0,0,0,0,0,0,0,0,0,0,0,0,0,0,0,0,0,0,0,6,4,0,3,3,0,2,3,0,4,5,0,2,2,0,4,1,0,1,1,0,1,1,0,5,7,0,4,4,0,3,5,0,3,0,0,5,5,0,6,5,0,1,1,0,5,5,0,2,1,0
"Turning right","Right front third of the vehicle",20231,3363,11,854,172,1,894,160,0,888,190,4,833,191,1,823,186,1,829,154,0,902,168,0,845,160,0,802,145,0,799,138,1,863,136,0,839,167,1,820,109,1,885,117,0,905,149,0,786,119,0,959,122,0,903,115,0,832,138,0,723,91,0,732,96,0,536,73,0,625,98,1,641,97,0,713,72,0
"Turning right","Right middle third of the vehicle",4601,1623,7,216,95,0,222,110,0,206,84,0,218,74,0,231,87,0,186,72,1,207,78,0,185,67,0,180,73,0,181,61,0,169,59,0,185,42,2,190,70,0,199,54,1,191,49,0,175,55,1,204,65,1,217,77,1,180,48,0,161,62,0,177,74,0,120,31,0,137,60,0,144,34,0,120,42,0
"Turning right","Right rear third of the vehicle",4599,1937,3,242,117,0,249,122,0,237,138,0,206,95,1,227,106,0,197,101,0,172,71,0,184,97,0,192,69,0,182,79,0,168,71,0,186,75,0,193,75,0,194,78,0,174,67,0,180,75,1,189,77,0,208,72,0,176,54,0,172,60,0,160,58,1,114,31,0,121,43,0,129,54,0,147,52,0
"Turning right","Right front two-thirds of the vehicle",3,2,1,0,0,0,1,1,0,0,0,0,0,0,0,1,0,1,0,0,0,0,0,0,0,0,0,0,0,0,0,0,0,0,0,0,0,0,0,0,0,0,0,0,0,1,1,0,0,0,0,0,0,0,0,0,0,0,0,0,0,0,0,0,0,0,0,0,0,0,0,0,0,0,0,0,0,0
"Turning right","Right rear two-thirds of the vehicle",0,0,0,0,0,0,0,0,0,0,0,0,0,0,0,0,0,0,0,0,0,0,0,0,0,0,0,0,0,0,0,0,0,0,0,0,0,0,0,0,0,0,0,0,0,0,0,0,0,0,0,0,0,0,0,0,0,0,0,0,0,0,0,0,0,0,0,0,0,0,0,0,0,0,0,0,0,0
"Turning right","Entire right side",2142,1046,8,96,68,0,99,54,0,109,65,1,69,43,0,77,42,2,81,42,1,63,23,0,74,53,0,64,31,0,70,40,0,91,53,3,93,37,1,79,31,0,98,30,0,99,36,0,105,55,0,85,41,0,104,46,0,117,39,0,87,24,0,103,40,0,65,37,0,64,45,0,66,37,0,84,34,0
"Turning right","Right side unspecified",40,31,0,0,0,0,0,0,0,0,0,0,0,0,0,0,0,0,0,0,0,1,1,0,0,0,0,0,0,0,1,1,0,2,2,0,4,2,0,1,2,0,4,3,0,4,3,0,4,4,0,6,2,0,3,2,0,1,2,0,1,1,0,3,1,0,2,2,0,1,1,0,1,1,0,1,1,0
"Turning right","Undercarriage",287,226,1,18,12,0,14,15,0,12,14,0,17,13,0,26,27,0,20,20,0,11,7,1,9,8,0,14,13,0,16,11,0,13,12,0,12,7,0,13,10,0,9,4,0,15,5,0,7,6,0,8,6,0,6,3,0,11,6,0,6,5,0,7,5,0,6,5,0,4,3,0,5,3,0,8,6,0
"Turning right","Interior",9,8,0,0,0,0,0,0,0,1,1,0,0,0,0,0,0,0,0,0,0,0,0,0,1,1,0,0,0,0,0,0,0,0,0,0,0,0,0,0,0,0,0,0,0,0,0,0,1,0,0,2,3,0,1,0,0,1,0,0,0,0,0,0,0,0,0,0,0,0,0,0,0,0,0,2,3,0
"Turning right","Attachment (either towed or trailer) was hit first",27,7,0,0,0,0,3,2,0,3,0,0,3,1,0,1,0,0,2,0,0,1,0,0,0,0,0,0,0,0,2,1,0,2,0,0,1,0,0,3,1,0,3,1,0,0,0,0,0,0,0,1,0,0,0,0,0,0,0,0,0,0,0,0,0,0,1,0,0,0,0,0,1,1,0,0,0,0
"Turning right","No apparent damage",7629,640,3,314,21,0,336,29,0,433,40,0,413,30,1,413,33,0,441,38,0,431,40,0,404,30,0,398,23,0,327,21,0,335,28,0,373,27,0,375,24,0,311,21,1,309,21,1,294,21,0,350,37,0,347,28,0,286,14,0,305,22,0,241,16,0,39,14,0,47,25,0,59,16,0,48,21,0
"Turning right","Data element is not applicable",0,0,0,0,0,0,0,0,0,0,0,0,0,0,0,0,0,0,0,0,0,0,0,0,0,0,0,0,0,0,0,0,0,0,0,0,0,0,0,0,0,0,0,0,0,0,0,0,0,0,0,0,0,0,0,0,0,0,0,0,0,0,0,0,0,0,0,0,0,0,0,0,0,0,0,0,0,0
"Turning right","Choice is other than the preceding values",5420,4758,68,227,234,0,235,256,1,263,263,3,214,206,2,283,264,3,234,238,1,248,243,6,258,242,5,269,261,2,227,211,3,215,211,7,233,216,4,215,190,6,274,220,3,191,170,3,147,132,1,155,158,6,143,145,1,158,145,0,144,144,0,137,131,4,228,121,2,278,161,1,224,123,4,220,73,0
"Turning right","Unknown",53417,22741,112,2486,1033,2,2514,1175,9,2478,1061,5,2664,1246,12,2500,1071,4,2423,1075,3,2400,984,6,2429,1031,8,2326,938,6,2145,900,5,2088,871,2,2218,950,5,2250,947,4,2205,903,7,2086,879,0,1827,702,2,1922,768,0,1992,806,3,1996,849,4,1862,750,3,1859,832,2,1421,635,4,1592,753,2,1791,772,5,1943,810,9
"Turning right","Jurisdiction does not provide this data element",0,0,0,0,0,0,0,0,0,0,0,0,0,0,0,0,0,0,0,0,0,0,0,0,0,0,0,0,0,0,0,0,0,0,0,0,0,0,0,0,0,0,0,0,0,0,0,0,0,0,0,0,0,0,0,0,0,0,0,0,0,0,0,0,0,0,0,0,0,0,0,0,0,0,0,0,0,0
"Making U-turn","Total",19820,12850,176,829,549,8,846,662,7,846,604,10,902,578,10,820,596,10,902,647,11,925,630,7,919,606,9,849,501,9,822,536,16,815,541,9,787,517,4,821,478,7,893,570,5,829,552,8,787,465,2,815,531,5,853,542,5,816,481,6,790,492,6,735,462,3,494,257,3,522,320,6,606,366,3,597,367,7
"Making U-turn","Front, includes engine hood & windshield",2172,1227,5,74,47,0,70,50,0,71,31,0,89,55,0,91,67,0,80,52,0,87,57,1,88,50,0,93,53,1,82,41,0,72,38,0,79,42,0,86,45,1,98,62,1,104,55,0,103,47,0,94,47,1,109,50,0,95,53,0,103,59,0,95,64,0,66,31,0,81,51,0,77,41,0,85,39,0
"Making U-turn","Roof",32,39,6,2,4,0,2,0,0,2,4,0,2,1,0,1,1,0,2,2,0,2,4,0,1,4,0,2,1,0,5,8,6,1,2,0,1,1,0,2,1,0,2,2,0,2,2,0,0,0,0,0,0,0,2,2,0,0,0,0,0,0,0,1,0,0,0,0,0,0,0,0,0,0,0,0,0,0
"Making U-turn","Rear, including trunk",590,462,1,33,20,0,21,21,0,38,29,1,28,23,0,37,35,0,36,35,0,29,22,0,32,21,0,30,23,0,20,16,0,16,13,0,22,19,0,19,7,0,17,10,0,16,13,0,23,17,0,22,14,0,22,14,0,20,15,0,25,13,0,23,22,0,10,7,0,16,19,0,16,17,0,19,17,0
"Making U-turn","Left front third of the vehicle",2843,1522,10,122,74,1,133,99,0,134,63,2,124,57,0,95,53,0,110,69,0,127,64,1,99,55,0,123,75,0,122,66,0,130,73,0,110,62,0,134,65,0,126,60,0,115,64,0,116,63,0,112,60,1,117,67,0,110,52,1,144,76,0,123,63,0,80,37,0,82,33,0,79,38,1,76,34,3
"Making U-turn","Left middle third of the vehicle",2176,1719,42,100,89,3,113,107,2,117,99,4,97,80,1,93,85,0,92,82,6,112,90,1,90,73,2,90,73,3,91,69,0,69,58,1,85,58,1,83,59,2,102,74,1,95,83,2,88,68,1,97,80,1,82,62,4,65,43,0,89,63,1,84,56,3,57,32,1,50,37,1,66,42,0,69,57,1
"Making U-turn","Left rear third of the vehicle",1440,987,8,60,32,0,75,58,0,63,57,0,77,53,0,54,42,0,74,48,0,71,46,0,81,68,1,64,35,3,55,36,1,47,32,0,69,47,0,54,29,0,63,43,0,66,38,0,61,31,0,42,29,0,51,40,0,69,49,0,48,39,1,61,48,0,36,17,0,33,23,2,31,17,0,35,30,0
"Making U-turn","Left front two-thirds of the vehicle",0,0,0,0,0,0,0,0,0,0,0,0,0,0,0,0,0,0,0,0,0,0,0,0,0,0,0,0,0,0,0,0,0,0,0,0,0,0,0,0,0,0,0,0,0,0,0,0,0,0,0,0,0,0,0,0,0,0,0,0,0,0,0,0,0,0,0,0,0,0,0,0,0,0,0,0,0,0
"Making U-turn","Left rear two-thirds of the vehicle",0,0,0,0,0,0,0,0,0,0,0,0,0,0,0,0,0,0,0,0,0,0,0,0,0,0,0,0,0,0,0,0,0,0,0,0,0,0,0,0,0,0,0,0,0,0,0,0,0,0,0,0,0,0,0,0,0,0,0,0,0,0,0,0,0,0,0,0,0,0,0,0,0,0,0,0,0,0
"Making U-turn","Entire left side",1389,1222,18,82,75,0,77,83,0,52,46,0,60,59,0,66,58,0,67,68,0,69,58,1,67,54,0,50,38,1,67,64,4,85,77,6,53,46,0,50,42,0,64,61,1,59,55,1,41,32,0,55,44,0,59,56,0,60,45,1,42,37,0,31,22,0,29,18,0,30,24,1,39,28,1,35,32,1
"Making U-turn","Left side unspecified",18,13,1,0,0,0,0,0,0,0,0,0,0,0,0,0,0,0,0,0,0,0,0,0,0,0,0,0,0,0,0,0,0,2,1,1,0,0,0,0,0,0,2,3,0,2,1,0,2,1,0,4,2,0,0,0,0,1,1,0,0,0,0,0,0,0,1,0,0,2,2,0,0,0,0,2,2,0
"Making U-turn","Right front third of the vehicle",1255,546,3,62,25,0,59,25,1,50,23,0,72,30,1,38,24,0,46,22,0,47,24,0,59,22,0,55,23,0,52,21,0,58,29,0,40,19,0,45,15,0,56,27,0,40,13,0,62,22,0,58,21,0,73,35,0,56,30,0,60,31,1,50,21,0,28,7,0,24,10,0,32,14,0,33,13,0
"Making U-turn","Right middle third of the vehicle",486,356,3,24,16,0,20,20,0,20,17,0,24,17,0,20,19,0,21,15,0,25,9,0,14,7,0,14,7,0,17,18,0,12,13,0,17,16,0,22,14,0,18,14,0,23,12,1,23,12,0,23,26,0,24,16,0,28,19,0,21,17,2,14,9,0,12,4,0,17,8,0,22,19,0,11,12,0
"Making U-turn","Right rear third of the vehicle",459,272,1,21,13,0,17,8,0,19,21,0,19,4,0,24,17,0,19,17,0,17,5,0,21,14,0,20,7,0,11,6,0,13,8,0,9,6,0,26,12,0,19,6,0,27,22,0,22,16,0,20,12,0,17,11,0,18,9,0,24,12,0,20,13,0,13,6,0,17,11,0,14,10,0,12,6,1
"Making U-turn","Right front two-thirds of the vehicle",0,0,0,0,0,0,0,0,0,0,0,0,0,0,0,0,0,0,0,0,0,0,0,0,0,0,0,0,0,0,0,0,0,0,0,0,0,0,0,0,0,0,0,0,0,0,0,0,0,0,0,0,0,0,0,0,0,0,0,0,0,0,0,0,0,0,0,0,0,0,0,0,0,0,0,0,0,0
"Making U-turn","Right rear two-thirds of the vehicle",0,0,0,0,0,0,0,0,0,0,0,0,0,0,0,0,0,0,0,0,0,0,0,0,0,0,0,0,0,0,0,0,0,0,0,0,0,0,0,0,0,0,0,0,0,0,0,0,0,0,0,0,0,0,0,0,0,0,0,0,0,0,0,0,0,0,0,0,0,0,0,0,0,0,0,0,0,0
"Making U-turn","Entire right side",316,238,7,8,7,0,21,21,1,15,14,1,19,16,1,15,11,2,22,12,0,12,16,0,20,12,0,10,6,0,11,9,0,18,13,0,13,8,0,16,8,0,10,4,0,9,11,0,7,5,0,11,6,0,11,10,0,8,6,0,14,11,0,7,4,0,7,2,1,6,7,1,14,12,0,12,7,0
"Making U-turn","Right side unspecified",4,6,0,0,0,0,0,0,0,0,0,0,0,0,0,0,0,0,0,0,0,0,0,0,0,0,0,0,0,0,0,0,0,0,0,0,0,0,0,0,0,0,0,0,0,1,1,0,1,1,0,1,2,0,1,2,0,0,0,0,0,0,0,0,0,0,0,0,0,0,0,0,0,0,0,0,0,0
"Making U-turn","Undercarriage",21,22,1,1,1,0,1,1,0,1,0,0,0,0,0,2,3,0,2,4,0,1,1,0,1,0,0,1,1,0,1,1,0,1,1,0,0,0,0,2,1,1,0,0,0,1,1,0,1,1,0,1,1,0,1,1,0,0,0,0,1,2,0,1,1,0,0,0,0,1,1,0,0,0,0,0,0,0
"Making U-turn","Interior",3,3,0,0,0,0,0,0,0,1,1,0,0,0,0,0,0,0,0,0,0,0,0,0,0,0,0,0,0,0,0,0,0,0,0,0,0,0,0,0,0,0,0,0,0,0,0,0,1,0,0,0,0,0,0,0,0,0,0,0,1,2,0,0,0,0,0,0,0,0,0,0,0,0,0,0,0,0
"Making U-turn","Attachment (either towed or trailer) was hit first",4,0,0,0,0,0,0,0,0,0,0,0,0,0,0,1,0,0,0,0,0,0,0,0,0,0,0,1,0,0,0,0,0,0,0,0,0,0,0,0,0,0,0,0,0,0,0,0,0,0,0,0,0,0,0,0,0,0,0,0,0,0,0,1,0,0,0,0,0,1,0,0,0,0,0,0,0,0
"Making U-turn","No apparent damage",408,59,2,9,0,0,19,2,0,25,4,0,29,4,0,23,5,1,21,3,0,16,3,0,24,1,1,19,0,0,14,0,0,12,1,0,16,4,0,14,3,0,23,1,0,16,2,0,14,2,0,23,8,0,15,4,0,16,0,0,11,2,0,11,1,0,12,4,0,10,2,0,11,2,0,5,1,0
"Making U-turn","Data element is not applicable",0,0,0,0,0,0,0,0,0,0,0,0,0,0,0,0,0,0,0,0,0,0,0,0,0,0,0,0,0,0,0,0,0,0,0,0,0,0,0,0,0,0,0,0,0,0,0,0,0,0,0,0,0,0,0,0,0,0,0,0,0,0,0,0,0,0,0,0,0,0,0,0,0,0,0,0,0,0
"Making U-turn","Choice is other than the preceding values",780,735,16,40,33,2,37,36,1,33,37,1,38,37,2,37,38,2,49,46,1,55,57,0,53,57,1,64,58,1,46,39,0,34,26,0,35,33,0,26,25,0,45,42,1,21,17,0,21,17,1,17,22,0,24,30,1,28,25,0,16,14,1,11,14,0,11,5,0,16,16,1,14,6,0,9,5,0
"Making U-turn","Unknown",5424,3422,52,191,113,2,181,131,2,205,158,1,224,142,5,223,138,5,261,172,4,255,174,3,269,168,4,213,101,0,228,142,5,245,156,1,238,156,3,242,152,3,248,161,1,232,162,4,201,130,0,235,157,2,245,142,0,242,134,4,191,114,0,202,124,0,132,87,1,136,76,0,191,120,1,194,112,1
"Making U-turn","Jurisdiction does not provide this data element",0,0,0,0,0,0,0,0,0,0,0,0,0,0,0,0,0,0,0,0,0,0,0,0,0,0,0,0,0,0,0,0,0,0,0,0,0,0,0,0,0,0,0,0,0,0,0,0,0,0,0,0,0,0,0,0,0,0,0,0,0,0,0,0,0,0,0,0,0,0,0,0,0,0,0,0,0,0
"Changing lanes","Total",83542,46826,696,3712,2121,42,3801,2141,31,3683,2160,40,3817,2263,32,3599,2129,48,3664,2148,41,3817,2151,32,3620,2044,39,3692,2151,28,3303,1909,23,3319,1815,27,3429,1864,31,3589,2061,19,3499,1856,10,3587,1931,32,3480,1842,21,3602,1927,20,3472,1888,31,3403,1929,14,3246,1736,29,3100,1741,14,2016,980,24,2289,1258,22,2488,1439,25,2315,1342,21
"Changing lanes","Front, includes engine hood & windshield",13050,8982,147,601,399,5,619,417,5,565,401,1,625,422,6,544,396,5,622,453,8,577,416,2,621,440,15,606,470,5,529,375,9,484,339,5,461,344,2,515,390,5,491,333,5,535,337,7,535,347,6,574,374,5,550,402,11,523,332,6,527,346,8,466,305,1,328,186,11,405,246,7,396,288,5,351,224,2
"Changing lanes","Roof",447,647,11,33,52,0,23,32,0,33,53,0,18,35,1,35,56,4,32,46,1,23,32,1,17,26,0,23,27,1,28,38,0,15,22,1,17,23,1,22,36,1,22,32,0,18,22,0,8,11,0,7,7,0,10,12,0,18,25,0,4,4,0,4,6,0,6,6,0,10,14,0,10,15,0,11,15,0
"Changing lanes","Rear, including trunk",3037,2461,7,166,133,0,148,132,0,151,121,0,155,128,0,152,127,0,141,112,0,140,130,0,142,127,1,125,105,0,117,91,0,112,88,0,122,92,1,114,92,0,122,85,1,125,98,3,130,103,0,115,100,0,113,92,0,126,109,0,101,80,0,115,79,1,79,59,0,65,53,0,93,77,0,68,48,0
"Changing lanes","Left front third of the vehicle",9676,5138,65,419,234,4,447,222,1,435,237,6,472,295,4,406,218,4,408,216,6,415,225,6,378,203,0,403,225,0,339,207,0,401,208,2,413,226,2,418,210,3,412,215,0,436,231,2,409,196,2,455,233,3,416,219,3,414,216,3,417,196,2,367,204,0,213,96,4,254,118,2,272,147,5,257,141,1
"Changing lanes","Left middle third of the vehicle",3155,2111,12,138,104,0,144,99,2,129,104,0,137,87,0,147,106,3,128,90,0,123,83,0,134,86,0,129,84,0,106,80,2,121,98,1,109,80,0,116,79,0,135,98,0,157,111,1,150,83,2,134,80,0,151,86,0,157,110,0,137,79,0,124,70,0,81,39,0,89,56,0,90,55,1,89,64,0
"Changing lanes","Left rear third of the vehicle",3896,2628,14,174,122,2,186,138,1,180,120,0,181,130,0,160,113,1,155,119,2,189,134,2,156,104,0,171,108,0,162,113,0,143,104,0,160,118,0,177,115,1,162,103,0,179,116,1,147,93,1,154,94,0,179,120,1,154,109,1,144,100,0,166,108,1,95,36,0,111,68,0,108,74,0,103,69,0
"Changing lanes","Left front two-thirds of the vehicle",0,0,0,0,0,0,0,0,0,0,0,0,0,0,0,0,0,0,0,0,0,0,0,0,0,0,0,0,0,0,0,0,0,0,0,0,0,0,0,0,0,0,0,0,0,0,0,0,0,0,0,0,0,0,0,0,0,0,0,0,0,0,0,0,0,0,0,0,0,0,0,0,0,0,0,0,0,0
"Changing lanes","Left rear two-thirds of the vehicle",0,0,0,0,0,0,0,0,0,0,0,0,0,0,0,0,0,0,0,0,0,0,0,0,0,0,0,0,0,0,0,0,0,0,0,0,0,0,0,0,0,0,0,0,0,0,0,0,0,0,0,0,0,0,0,0,0,0,0,0,0,0,0,0,0,0,0,0,0,0,0,0,0,0,0,0,0,0
"Changing lanes","Entire left side",1783,1469,25,102,88,1,83,73,0,91,79,4,113,121,1,74,52,2,78,78,1,92,86,3,77,76,2,82,72,0,77,65,1,61,50,0,83,57,3,73,65,0,69,46,0,66,46,1,68,55,0,88,71,0,67,53,0,63,52,0,58,41,0,54,37,0,35,20,0,39,20,4,38,28,0,52,38,2
"Changing lanes","Left side unspecified",37,29,0,0,0,0,0,0,0,1,0,0,0,0,0,0,0,0,0,0,0,0,0,0,0,0,0,1,1,0,1,1,0,1,2,0,0,0,0,1,2,0,5,4,0,3,4,0,3,0,0,4,2,0,2,0,0,4,4,0,1,1,0,1,1,0,1,0,0,4,6,0,2,0,0,2,1,0
"Changing lanes","Right front third of the vehicle",11112,4375,36,520,208,1,539,192,5,543,231,0,541,229,2,455,199,1,430,197,2,480,194,0,418,183,2,464,189,2,429,189,0,420,161,3,428,154,0,447,225,0,468,165,0,473,193,1,471,171,1,497,196,1,485,161,1,478,187,0,445,154,1,452,176,3,276,87,1,266,85,3,366,141,1,321,108,5
"Changing lanes","Right middle third of the vehicle",2728,1350,17,116,56,1,86,43,0,106,59,1,116,72,0,126,72,2,116,66,0,118,53,1,106,62,2,118,51,2,120,59,2,113,55,2,94,40,0,130,62,0,117,58,0,161,64,2,116,52,0,121,70,0,115,46,0,114,50,1,123,61,0,103,57,1,71,28,0,75,40,0,86,46,0,61,28,0
"Changing lanes","Right rear third of the vehicle",3232,1861,14,138,69,0,182,115,0,137,74,0,119,77,0,146,116,5,136,81,1,141,95,0,122,77,1,106,62,1,119,68,0,141,85,0,141,84,0,136,83,0,128,71,0,156,101,0,137,76,0,180,82,0,143,65,0,129,69,0,127,77,5,128,60,0,90,39,0,77,44,0,75,33,1,98,58,0
"Changing lanes","Right front two-thirds of the vehicle",0,0,0,0,0,0,0,0,0,0,0,0,0,0,0,0,0,0,0,0,0,0,0,0,0,0,0,0,0,0,0,0,0,0,0,0,0,0,0,0,0,0,0,0,0,0,0,0,0,0,0,0,0,0,0,0,0,0,0,0,0,0,0,0,0,0,0,0,0,0,0,0,0,0,0,0,0,0
"Changing lanes","Right rear two-thirds of the vehicle",0,0,0,0,0,0,0,0,0,0,0,0,0,0,0,0,0,0,0,0,0,0,0,0,0,0,0,0,0,0,0,0,0,0,0,0,0,0,0,0,0,0,0,0,0,0,0,0,0,0,0,0,0,0,0,0,0,0,0,0,0,0,0,0,0,0,0,0,0,0,0,0,0,0,0,0,0,0
"Changing lanes","Entire right side",1401,967,21,85,61,3,71,61,1,65,47,5,65,58,1,75,53,4,50,41,0,52,44,1,64,52,0,66,60,0,59,42,0,64,35,0,53,36,1,62,42,1,56,36,0,69,42,0,58,44,0,54,27,0,52,25,1,47,26,0,46,27,0,48,28,1,29,15,1,35,20,0,45,29,1,31,16,0
"Changing lanes","Right side unspecified",31,16,0,0,0,0,0,0,0,0,0,0,0,0,0,0,0,0,0,0,0,0,0,0,0,0,0,0,0,0,1,2,0,2,2,0,2,1,0,3,1,0,1,1,0,1,0,0,2,1,0,2,1,0,5,2,0,1,1,0,1,0,0,2,0,0,4,3,0,1,1,0,1,0,0,2,0,0
"Changing lanes","Undercarriage",158,156,2,6,8,0,4,4,0,14,15,0,11,10,0,6,3,0,10,9,0,10,14,1,11,14,0,9,8,0,9,9,0,6,5,1,5,4,0,6,6,0,4,4,0,5,4,0,11,11,0,3,2,0,4,4,0,4,5,0,3,3,0,1,0,0,4,3,0,3,3,0,5,4,0,4,4,0
"Changing lanes","Interior",5,5,0,0,0,0,0,0,0,0,0,0,0,0,0,0,0,0,0,0,0,0,0,0,0,0,0,0,0,0,0,0,0,0,0,0,0,0,0,1,2,0,0,0,0,0,0,0,1,0,0,0,0,0,0,0,0,1,1,0,1,0,0,1,2,0,0,0,0,0,0,0,0,0,0,0,0,0
"Changing lanes","Attachment (either towed or trailer) was hit first",6,1,1,0,0,0,1,0,0,0,0,0,1,0,0,0,0,0,0,0,0,0,0,0,1,1,1,0,0,0,1,0,0,0,0,0,0,0,0,0,0,0,0,0,0,1,0,0,1,0,0,0,0,0,0,0,0,0,0,0,0,0,0,0,0,0,0,0,0,0,0,0,0,0,0,0,0,0
"Changing lanes","No apparent damage",4673,292,1,19,1,0,315,16,1,300,19,0,275,18,0,251,10,0,301,20,0,344,23,0,330,26,0,319,16,0,247,18,0,261,11,0,245,14,0,242,15,0,229,11,0,211,4,0,176,9,0,141,7,0,116,9,0,70,6,0,76,3,0,58,2,0,38,4,0,30,7,0,50,11,0,29,12,0
"Changing lanes","Data element is not applicable",0,0,0,0,0,0,0,0,0,0,0,0,0,0,0,0,0,0,0,0,0,0,0,0,0,0,0,0,0,0,0,0,0,0,0,0,0,0,0,0,0,0,0,0,0,0,0,0,0,0,0,0,0,0,0,0,0,0,0,0,0,0,0,0,0,0,0,0,0,0,0,0,0,0,0,0,0,0
"Changing lanes","Choice is other than the preceding values",2771,2532,72,142,146,7,123,127,3,107,113,9,122,115,3,128,133,6,123,109,3,133,130,2,122,101,8,155,167,4,114,109,1,100,90,3,106,105,5,114,93,2,142,121,1,115,90,2,116,121,0,91,75,4,107,98,5,129,112,0,106,79,1,99,82,1,56,45,0,82,57,1,73,60,0,66,54,1
"Changing lanes","Unknown",22344,11806,251,1053,440,18,830,470,12,826,487,14,866,466,14,894,475,11,934,511,17,980,492,13,921,466,7,915,506,13,845,443,8,874,460,9,990,486,16,1012,543,6,936,473,3,876,468,12,941,469,9,982,506,7,957,494,9,971,515,3,929,485,12,911,524,5,610,314,7,743,420,5,778,431,11,770,462,10
"Changing lanes","Jurisdiction does not provide this data element",0,0,0,0,0,0,0,0,0,0,0,0,0,0,0,0,0,0,0,0,0,0,0,0,0,0,0,0,0,0,0,0,0,0,0,0,0,0,0,0,0,0,0,0,0,0,0,0,0,0,0,0,0,0,0,0,0,0,0,0,0,0,0,0,0,0,0,0,0,0,0,0,0,0,0,0,0,0
"Merging into traffic","Total",34950,23216,207,1612,1088,6,1736,1178,5,1707,1106,14,1743,1165,13,2037,1425,9,2043,1398,12,2155,1490,5,1966,1309,18,1857,1199,12,1856,1263,11,1764,1166,12,1321,930,11,1158,818,1,1193,839,8,1168,777,7,1139,733,3,1217,822,7,1199,762,8,1102,682,8,987,552,3,1008,623,4,671,406,6,763,492,8,758,489,4,790,504,12
"Merging into traffic","Front, includes engine hood & windshield",5848,2452,24,196,84,0,182,98,0,187,82,1,185,91,0,239,123,3,235,102,0,205,101,0,202,97,1,184,92,2,217,102,3,221,103,2,241,104,2,242,114,0,298,113,1,271,103,1,286,102,0,297,103,0,347,124,2,314,110,1,279,89,1,283,100,0,174,64,2,194,90,1,166,74,0,203,87,1
"Merging into traffic","Roof",109,131,2,5,8,0,3,4,0,6,6,0,6,9,0,5,5,0,2,2,0,7,10,1,3,3,0,5,6,0,6,6,0,7,9,0,6,7,0,2,4,0,3,4,0,6,6,0,6,6,0,6,7,0,6,6,0,2,2,0,3,5,0,2,2,0,0,0,0,1,3,0,6,6,1,5,5,0
"Merging into traffic","Rear, including trunk",3353,3437,8,126,144,0,134,145,0,126,138,0,139,152,0,174,188,0,161,186,0,151,152,0,129,132,0,127,114,0,133,132,0,144,141,1,169,170,0,155,157,0,172,186,0,159,154,0,136,143,0,151,149,1,137,141,2,137,141,1,118,120,0,134,135,0,77,68,0,85,79,0,83,75,1,96,95,2
"Merging into traffic","Left front third of the vehicle",1804,962,6,72,34,0,79,51,0,53,36,1,78,51,1,73,48,0,75,38,0,66,48,0,71,35,0,66,33,1,48,34,0,64,32,0,64,34,0,72,40,0,73,37,0,73,41,0,98,49,0,101,63,0,81,40,0,79,38,1,72,21,0,71,34,0,60,25,0,72,39,2,72,31,0,71,30,0
"Merging into traffic","Left middle third of the vehicle",567,438,9,22,23,0,20,19,0,22,19,0,18,8,1,23,16,0,22,20,1,19,19,0,22,16,1,20,13,0,26,16,0,18,15,0,14,7,0,32,30,0,27,24,1,26,17,0,20,13,0,28,27,0,32,24,0,30,24,0,16,11,0,28,21,1,15,12,2,23,14,1,22,17,0,22,13,1
"Merging into traffic","Left rear third of the vehicle",750,553,1,33,30,0,35,24,0,22,12,0,33,27,0,24,19,0,28,24,0,35,29,0,26,24,0,31,17,1,38,27,0,24,22,0,32,19,0,35,22,0,24,26,0,39,22,0,32,26,0,28,18,0,35,24,0,35,25,0,34,25,0,33,26,0,22,10,0,24,19,0,31,23,0,17,13,0
"Merging into traffic","Left front two-thirds of the vehicle",0,0,0,0,0,0,0,0,0,0,0,0,0,0,0,0,0,0,0,0,0,0,0,0,0,0,0,0,0,0,0,0,0,0,0,0,0,0,0,0,0,0,0,0,0,0,0,0,0,0,0,0,0,0,0,0,0,0,0,0,0,0,0,0,0,0,0,0,0,0,0,0,0,0,0,0,0,0
"Merging into traffic","Left rear two-thirds of the vehicle",0,0,0,0,0,0,0,0,0,0,0,0,0,0,0,0,0,0,0,0,0,0,0,0,0,0,0,0,0,0,0,0,0,0,0,0,0,0,0,0,0,0,0,0,0,0,0,0,0,0,0,0,0,0,0,0,0,0,0,0,0,0,0,0,0,0,0,0,0,0,0,0,0,0,0,0,0,0
"Merging into traffic","Entire left side",475,415,9,28,23,0,14,17,0,19,14,2,20,26,0,9,7,1,17,21,0,25,21,0,17,19,0,16,18,0,19,18,1,17,12,0,22,20,0,22,18,0,15,15,4,29,28,0,24,20,0,23,17,0,21,16,0,17,16,0,25,15,0,23,17,0,13,9,0,10,7,0,12,8,1,18,13,0
"Merging into traffic","Left side unspecified",22,17,0,0,0,0,0,0,0,0,0,0,0,0,0,0,0,0,0,0,0,0,0,0,0,0,0,1,1,0,0,0,0,1,1,0,1,1,0,1,2,0,0,0,0,1,1,0,4,2,0,1,1,0,2,2,0,1,1,0,1,1,0,2,0,0,1,1,0,2,1,0,1,0,0,2,2,0
"Merging into traffic","Right front third of the vehicle",1301,626,4,53,33,0,58,29,0,57,21,0,60,23,0,62,37,0,46,27,0,53,32,0,46,23,0,40,20,0,49,24,0,49,26,1,55,22,0,51,25,0,43,21,0,64,37,2,59,30,0,74,45,0,56,25,1,60,21,0,62,25,0,48,20,0,38,15,0,29,15,0,45,9,0,44,21,0
"Merging into traffic","Right middle third of the vehicle",247,178,2,8,10,0,12,7,0,8,1,0,12,9,0,8,6,0,12,9,0,14,15,0,10,9,0,13,10,0,9,7,0,12,6,0,11,9,0,9,4,0,4,4,0,7,4,0,6,4,0,10,8,1,13,5,0,5,5,0,13,7,0,11,8,1,6,2,0,11,13,0,11,7,0,12,9,0
"Merging into traffic","Right rear third of the vehicle",312,218,1,9,9,0,9,4,0,11,12,0,18,11,0,13,12,0,16,10,0,16,12,0,11,8,0,11,9,0,13,14,0,11,8,0,10,7,1,17,14,0,15,5,0,16,11,0,15,9,0,22,13,0,17,13,0,16,14,0,8,3,0,10,6,0,8,4,0,5,1,0,8,3,0,7,6,0
"Merging into traffic","Right front two-thirds of the vehicle",2,1,0,0,0,0,0,0,0,0,0,0,0,0,0,0,0,0,0,0,0,1,1,0,0,0,0,0,0,0,1,0,0,0,0,0,0,0,0,0,0,0,0,0,0,0,0,0,0,0,0,0,0,0,0,0,0,0,0,0,0,0,0,0,0,0,0,0,0,0,0,0,0,0,0,0,0,0
"Merging into traffic","Right rear two-thirds of the vehicle",0,0,0,0,0,0,0,0,0,0,0,0,0,0,0,0,0,0,0,0,0,0,0,0,0,0,0,0,0,0,0,0,0,0,0,0,0,0,0,0,0,0,0,0,0,0,0,0,0,0,0,0,0,0,0,0,0,0,0,0,0,0,0,0,0,0,0,0,0,0,0,0,0,0,0,0,0,0
"Merging into traffic","Entire right side",205,169,2,6,4,0,8,8,0,7,7,1,5,7,0,5,4,0,9,7,0,7,4,0,8,7,0,6,6,0,4,4,0,9,8,0,10,11,0,10,7,0,12,8,0,12,9,1,7,5,0,18,15,0,10,12,0,4,2,0,7,4,0,7,2,0,9,8,0,9,6,0,7,7,0,9,7,0
"Merging into traffic","Right side unspecified",11,6,1,0,0,0,0,0,0,0,0,0,0,0,0,0,0,0,0,0,0,0,0,0,0,0,0,0,0,0,0,0,0,1,0,0,1,1,0,0,0,0,1,0,0,0,0,0,2,1,1,0,0,0,1,1,0,1,1,0,0,0,0,1,1,0,0,0,0,1,0,0,2,1,0,0,0,0
"Merging into traffic","Undercarriage",38,37,1,2,2,0,1,0,0,1,1,0,1,0,0,0,0,0,1,1,0,2,1,1,2,3,0,1,2,0,0,0,0,2,2,0,2,2,0,3,2,0,4,4,0,0,0,0,7,7,0,2,3,0,2,2,0,1,1,0,0,0,0,1,1,0,0,0,0,0,0,0,1,1,0,2,2,0
"Merging into traffic","Interior",0,0,0,0,0,0,0,0,0,0,0,0,0,0,0,0,0,0,0,0,0,0,0,0,0,0,0,0,0,0,0,0,0,0,0,0,0,0,0,0,0,0,0,0,0,0,0,0,0,0,0,0,0,0,0,0,0,0,0,0,0,0,0,0,0,0,0,0,0,0,0,0,0,0,0,0,0,0
"Merging into traffic","Attachment (either towed or trailer) was hit first",1,1,0,0,0,0,0,0,0,0,0,0,0,0,0,0,0,0,0,0,0,0,0,0,0,0,0,0,0,0,0,0,0,0,0,0,0,0,0,1,1,0,0,0,0,0,0,0,0,0,0,0,0,0,0,0,0,0,0,0,0,0,0,0,0,0,0,0,0,0,0,0,0,0,0,0,0,0
"Merging into traffic","No apparent damage",586,141,1,19,10,0,27,4,0,38,11,0,22,3,0,42,8,0,35,13,0,39,6,0,24,3,0,32,6,0,27,8,0,22,4,0,24,8,0,29,9,0,25,3,0,28,4,0,24,7,0,21,10,0,17,6,0,25,5,0,15,0,0,12,0,0,10,3,0,12,6,0,7,1,0,10,3,1
"Merging into traffic","Data element is not applicable",0,0,0,0,0,0,0,0,0,0,0,0,0,0,0,0,0,0,0,0,0,0,0,0,0,0,0,0,0,0,0,0,0,0,0,0,0,0,0,0,0,0,0,0,0,0,0,0,0,0,0,0,0,0,0,0,0,0,0,0,0,0,0,0,0,0,0,0,0,0,0,0,0,0,0,0,0,0
"Merging into traffic","Choice is other than the preceding values",974,827,8,40,38,1,25,25,0,31,34,1,37,36,1,44,45,0,32,30,0,49,41,0,42,43,0,37,34,0,45,46,1,28,30,0,43,32,2,49,40,0,66,53,0,60,45,0,48,36,0,46,38,0,36,32,0,42,31,1,22,17,0,34,24,0,27,19,0,35,17,0,32,22,0,24,19,1
"Merging into traffic","Unknown",18345,12607,128,993,636,5,1129,743,5,1119,712,8,1109,712,10,1316,907,5,1352,908,11,1466,998,3,1353,887,16,1267,818,8,1221,825,6,1134,747,8,616,476,6,428,329,1,411,336,2,377,295,3,365,273,2,389,305,5,386,289,3,333,245,4,312,209,2,308,226,2,211,166,2,250,182,4,252,204,1,248,179,6
"Merging into traffic","Jurisdiction does not provide this data element",0,0,0,0,0,0,0,0,0,0,0,0,0,0,0,0,0,0,0,0,0,0,0,0,0,0,0,0,0,0,0,0,0,0,0,0,0,0,0,0,0,0,0,0,0,0,0,0,0,0,0,0,0,0,0,0,0,0,0,0,0,0,0,0,0,0,0,0,0,0,0,0,0,0,0,0,0,0
"Reversing","Total",45618,12508,115,2251,596,4,2300,655,6,2388,661,6,2235,599,7,2243,636,8,2138,563,6,2120,533,2,2075,568,10,1965,532,3,1868,455,2,1819,467,5,1787,468,4,1865,493,6,1935,567,7,1900,519,2,1832,532,5,1761,509,6,1678,466,4,1707,475,2,1592,446,5,1575,485,3,1145,302,4,1197,372,2,1137,306,3,1105,303,3
"Reversing","Front, includes engine hood & windshield",661,423,2,35,22,0,33,19,0,48,30,0,35,25,0,30,22,1,24,14,0,26,11,0,34,18,0,24,18,0,17,8,0,26,20,0,17,11,0,21,16,0,24,21,0,26,17,0,38,22,1,22,13,0,24,15,0,26,11,0,25,18,0,27,18,0,19,11,0,27,25,0,15,8,0,18,10,0
"Reversing","Roof",66,80,6,4,8,0,7,11,0,6,3,0,4,2,0,4,4,2,4,1,0,1,0,0,5,7,0,3,3,0,2,1,1,2,2,0,3,8,0,1,1,0,2,4,2,0,0,0,1,0,1,4,3,0,2,2,0,1,1,0,5,5,0,0,0,0,1,1,0,1,1,0,2,10,0,1,2,0
"Reversing","Rear, including trunk",11021,3006,8,505,130,0,522,139,2,499,141,1,486,108,1,461,132,1,471,119,0,443,89,0,493,132,0,403,114,0,464,114,0,389,100,1,427,103,0,447,110,0,482,158,0,501,124,0,510,149,0,483,137,0,479,140,1,459,134,0,444,132,1,430,162,0,298,83,0,324,103,0,303,82,0,298,71,0
"Reversing","Left front third of the vehicle",628,269,0,35,17,0,38,24,0,38,14,0,36,17,0,37,14,0,29,14,0,32,12,0,30,10,0,29,7,0,35,11,0,25,11,0,18,6,0,19,10,0,24,7,0,21,6,0,19,8,0,23,18,0,24,13,0,14,5,0,23,13,0,15,3,0,16,10,0,19,8,0,17,4,0,12,7,0
"Reversing","Left middle third of the vehicle",503,277,6,31,20,0,37,16,0,22,10,1,26,19,0,32,15,0,26,16,0,25,11,0,22,9,0,22,14,0,25,12,0,23,10,0,17,12,0,18,10,0,17,11,1,24,15,0,15,7,1,16,7,2,13,5,0,13,12,0,15,10,0,13,7,0,11,5,1,16,9,0,13,7,0,11,8,0
"Reversing","Left rear third of the vehicle",2875,864,3,151,45,0,161,40,1,148,47,0,147,43,1,147,42,0,137,47,0,136,52,0,110,36,0,115,31,0,111,30,0,115,29,0,97,27,0,117,33,0,123,28,0,132,44,0,141,54,0,114,40,0,115,33,0,127,37,0,85,24,0,97,30,0,61,11,0,68,18,1,62,16,0,58,27,0
"Reversing","Left front two-thirds of the vehicle",0,0,0,0,0,0,0,0,0,0,0,0,0,0,0,0,0,0,0,0,0,0,0,0,0,0,0,0,0,0,0,0,0,0,0,0,0,0,0,0,0,0,0,0,0,0,0,0,0,0,0,0,0,0,0,0,0,0,0,0,0,0,0,0,0,0,0,0,0,0,0,0,0,0,0,0,0,0
"Reversing","Left rear two-thirds of the vehicle",1,0,0,0,0,0,0,0,0,0,0,0,1,0,0,0,0,0,0,0,0,0,0,0,0,0,0,0,0,0,0,0,0,0,0,0,0,0,0,0,0,0,0,0,0,0,0,0,0,0,0,0,0,0,0,0,0,0,0,0,0,0,0,0,0,0,0,0,0,0,0,0,0,0,0,0,0,0
"Reversing","Entire left side",232,175,2,19,13,0,12,7,0,11,18,0,10,10,0,18,13,0,15,9,1,12,7,0,12,10,0,7,3,0,9,9,0,10,8,0,4,4,0,11,9,0,10,9,0,10,7,0,8,4,0,5,2,0,8,6,1,9,5,0,9,8,0,2,1,0,5,4,0,10,8,0,3,1,0,3,0,0
"Reversing","Left side unspecified",14,6,1,0,0,0,0,0,0,0,0,0,0,0,0,0,0,0,0,0,0,0,0,0,0,0,0,0,0,0,0,0,0,0,0,0,0,0,0,0,0,0,3,3,0,1,0,0,1,0,0,1,0,1,0,0,0,1,1,0,0,0,0,1,0,0,2,1,0,2,0,0,0,0,0,2,1,0
"Reversing","Right front third of the vehicle",546,252,1,23,19,1,42,16,0,39,23,0,44,21,0,25,10,0,32,12,0,21,7,0,22,16,0,21,11,0,29,16,0,21,12,0,16,4,0,32,16,0,31,11,0,16,4,0,10,1,0,13,3,0,16,10,0,15,8,0,16,7,0,14,4,0,8,3,0,10,9,0,15,5,0,15,4,0
"Reversing","Right middle third of the vehicle",492,314,2,23,11,0,36,28,0,36,27,0,28,13,0,24,16,0,22,13,0,26,16,1,17,12,0,28,12,0,14,9,0,21,11,0,16,10,0,16,11,0,21,18,0,17,14,0,17,6,0,17,11,0,11,12,0,20,16,0,12,9,0,20,9,0,11,9,0,16,12,0,12,5,0,11,4,1
"Reversing","Right rear third of the vehicle",3599,1260,4,199,51,1,213,96,0,202,69,0,184,63,0,204,101,0,159,61,1,160,51,0,126,54,0,147,74,0,152,50,0,166,49,0,143,44,0,142,49,0,144,50,0,155,46,1,145,38,0,140,40,0,132,42,0,130,57,0,139,48,0,99,40,1,80,15,0,89,29,0,76,26,0,73,17,0
"Reversing","Right front two-thirds of the vehicle",0,0,0,0,0,0,0,0,0,0,0,0,0,0,0,0,0,0,0,0,0,0,0,0,0,0,0,0,0,0,0,0,0,0,0,0,0,0,0,0,0,0,0,0,0,0,0,0,0,0,0,0,0,0,0,0,0,0,0,0,0,0,0,0,0,0,0,0,0,0,0,0,0,0,0,0,0,0
"Reversing","Right rear two-thirds of the vehicle",2,0,0,0,0,0,0,0,0,0,0,0,0,0,0,0,0,0,0,0,0,0,0,0,0,0,0,0,0,0,1,0,0,0,0,0,0,0,0,0,0,0,0,0,0,0,0,0,0,0,0,0,0,0,1,0,0,0,0,0,0,0,0,0,0,0,0,0,0,0,0,0,0,0,0,0,0,0
"Reversing","Entire right side",205,143,1,19,12,0,11,5,0,11,9,0,14,9,0,13,13,0,10,9,0,9,8,0,9,3,0,10,5,0,6,4,0,7,5,0,7,11,0,12,10,1,11,6,0,4,3,0,10,7,0,5,3,0,9,6,0,4,1,0,2,3,0,3,1,0,3,2,0,5,3,0,5,2,0,6,3,0
"Reversing","Right side unspecified",9,7,1,0,0,0,0,0,0,0,0,0,0,0,0,0,0,0,0,0,0,0,0,0,0,0,0,1,1,0,0,0,0,0,0,0,1,1,1,1,1,0,0,0,0,0,0,0,1,0,0,2,2,0,0,0,0,0,0,0,0,0,0,1,1,0,0,0,0,1,1,0,1,0,0,0,0,0
"Reversing","Undercarriage",79,46,3,3,2,0,5,3,0,7,3,1,4,2,0,2,0,0,3,0,0,4,5,0,6,2,0,5,9,0,4,2,0,4,4,0,2,1,0,2,1,0,4,0,0,3,2,0,3,1,0,4,1,1,3,2,0,0,0,0,2,2,0,4,3,1,1,0,0,0,0,0,1,0,0,3,1,0
"Reversing","Interior",0,0,0,0,0,0,0,0,0,0,0,0,0,0,0,0,0,0,0,0,0,0,0,0,0,0,0,0,0,0,0,0,0,0,0,0,0,0,0,0,0,0,0,0,0,0,0,0,0,0,0,0,0,0,0,0,0,0,0,0,0,0,0,0,0,0,0,0,0,0,0,0,0,0,0,0,0,0
"Reversing","Attachment (either towed or trailer) was hit first",22,1,0,0,0,0,1,0,0,0,0,0,2,0,0,2,0,0,2,0,0,4,0,0,2,1,0,1,0,0,0,0,0,2,0,0,0,0,0,2,0,0,0,0,0,1,0,0,1,0,0,0,0,0,0,0,0,0,0,0,0,0,0,2,0,0,0,0,0,0,0,0,0,0,0,0,0,0
"Reversing","No apparent damage",3260,167,2,130,3,0,184,6,0,221,11,0,206,9,0,196,8,0,177,12,1,186,10,0,175,10,1,157,7,0,116,6,0,131,6,0,158,11,0,140,7,0,129,4,0,153,6,0,119,9,0,148,7,0,128,5,0,112,4,0,98,6,0,119,4,0,19,0,0,18,4,0,20,7,0,20,5,0
"Reversing","Data element is not applicable",0,0,0,0,0,0,0,0,0,0,0,0,0,0,0,0,0,0,0,0,0,0,0,0,0,0,0,0,0,0,0,0,0,0,0,0,0,0,0,0,0,0,0,0,0,0,0,0,0,0,0,0,0,0,0,0,0,0,0,0,0,0,0,0,0,0,0,0,0,0,0,0,0,0,0,0,0,0
"Reversing","Choice is other than the preceding values",1045,749,10,53,52,0,42,41,1,39,37,0,50,42,0,38,32,0,33,31,0,31,29,0,50,44,4,31,22,0,33,26,0,29,25,0,28,22,0,34,26,0,44,33,0,41,30,0,34,37,0,38,36,1,32,30,1,33,26,0,37,27,1,32,28,0,81,19,1,81,23,0,57,21,1,44,10,0
"Reversing","Unknown",20358,4469,63,1021,191,2,956,204,2,1061,219,3,958,216,5,1010,214,4,994,205,3,1004,225,1,962,204,5,961,201,3,850,157,1,848,175,4,833,193,3,850,183,5,866,204,4,795,201,1,759,189,2,726,186,1,681,145,1,743,157,2,680,134,3,696,174,1,529,128,2,510,119,1,535,112,2,530,133,2
"Reversing","Jurisdiction does not provide this data element",0,0,0,0,0,0,0,0,0,0,0,0,0,0,0,0,0,0,0,0,0,0,0,0,0,0,0,0,0,0,0,0,0,0,0,0,0,0,0,0,0,0,0,0,0,0,0,0,0,0,0,0,0,0,0,0,0,0,0,0,0,0,0,0,0,0,0,0,0,0,0,0,0,0,0,0,0,0
"Overtaking, passing","Total",42295,35115,1300,2365,2045,85,2288,1957,65,2242,1943,50,2375,2027,66,2259,1869,80,2172,1930,56,2252,1897,82,2232,1879,73,2205,1801,70,1836,1549,63,1752,1453,54,1734,1378,54,1620,1324,50,1505,1246,33,1424,1235,34,1346,1134,28,1456,1193,45,1376,1103,38,1350,1096,37,1236,995,29,1158,910,41,978,737,31,998,802,41,1101,818,48,1035,794,47
"Overtaking, passing","Front, includes engine hood & windshield",8023,7230,276,453,424,22,441,431,10,413,395,6,426,372,4,410,363,13,385,370,11,358,327,14,365,315,21,451,394,25,314,273,7,274,215,6,345,279,10,296,267,9,298,290,3,269,248,12,263,248,6,279,271,8,304,262,13,264,247,7,258,234,8,254,226,16,210,187,8,196,172,8,256,214,16,241,206,13
"Overtaking, passing","Roof",725,1019,34,42,54,1,46,65,2,43,58,2,43,68,2,42,56,5,40,61,3,35,58,1,45,61,1,46,66,0,38,52,4,38,56,1,32,52,4,26,39,2,34,45,2,36,51,0,31,47,0,19,25,0,16,25,2,15,15,0,8,9,1,9,11,1,12,11,0,7,10,0,13,15,0,9,9,0
"Overtaking, passing","Rear, including trunk",688,638,17,40,43,1,43,53,0,42,50,0,38,40,1,40,44,1,22,25,0,40,39,1,39,30,0,41,36,3,28,24,1,21,13,0,32,32,1,30,26,2,28,22,0,27,20,0,28,19,0,26,25,0,20,15,1,24,19,2,11,9,0,19,18,1,11,9,0,12,7,0,11,6,1,15,14,1
"Overtaking, passing","Left front third of the vehicle",2445,1886,77,128,96,4,144,122,3,135,117,2,139,112,5,130,94,4,130,122,2,127,110,3,108,76,1,116,79,6,104,78,1,92,85,2,88,65,2,86,60,2,80,61,5,75,58,2,80,55,4,106,86,5,98,79,1,96,63,6,68,56,2,71,49,2,45,28,0,63,47,6,75,47,5,61,41,2
"Overtaking, passing","Left middle third of the vehicle",817,725,26,40,35,2,44,48,3,57,44,4,49,47,2,36,44,3,44,37,1,49,47,2,34,31,4,44,38,0,49,41,0,33,24,1,25,21,1,31,26,1,33,29,1,30,32,0,24,29,0,29,22,1,28,23,0,20,19,0,29,25,0,20,17,0,15,9,0,8,6,0,21,18,0,25,13,0
"Overtaking, passing","Left rear third of the vehicle",548,451,10,28,16,1,30,20,2,31,36,2,35,35,0,20,19,0,15,7,1,25,21,0,37,32,0,33,38,0,19,10,1,29,24,0,21,15,0,16,12,1,21,18,0,18,8,0,22,18,0,19,18,0,20,17,0,15,16,0,19,13,2,18,18,0,11,8,0,16,7,0,15,13,0,15,12,0
"Overtaking, passing","Left front two-thirds of the vehicle",0,0,0,0,0,0,0,0,0,0,0,0,0,0,0,0,0,0,0,0,0,0,0,0,0,0,0,0,0,0,0,0,0,0,0,0,0,0,0,0,0,0,0,0,0,0,0,0,0,0,0,0,0,0,0,0,0,0,0,0,0,0,0,0,0,0,0,0,0,0,0,0,0,0,0,0,0,0
"Overtaking, passing","Left rear two-thirds of the vehicle",0,0,0,0,0,0,0,0,0,0,0,0,0,0,0,0,0,0,0,0,0,0,0,0,0,0,0,0,0,0,0,0,0,0,0,0,0,0,0,0,0,0,0,0,0,0,0,0,0,0,0,0,0,0,0,0,0,0,0,0,0,0,0,0,0,0,0,0,0,0,0,0,0,0,0,0,0,0
"Overtaking, passing","Entire left side",709,739,36,45,54,2,47,50,0,43,40,2,39,53,2,34,30,1,31,36,6,40,50,3,43,45,2,32,35,0,36,35,2,31,32,5,30,40,3,29,26,1,29,22,0,28,26,0,26,26,1,20,25,2,24,21,0,12,13,0,14,14,0,11,14,0,18,10,3,14,12,0,16,14,1,17,16,0
"Overtaking, passing","Left side unspecified",31,36,2,0,0,0,0,0,0,0,0,0,0,0,0,0,0,0,0,0,0,0,0,0,0,0,0,1,1,0,4,4,1,1,0,0,5,7,0,3,3,0,3,5,0,0,0,0,2,3,1,1,1,0,1,1,0,3,3,0,0,0,0,0,0,0,1,1,0,2,3,0,2,2,0,2,2,0
"Overtaking, passing","Right front third of the vehicle",5571,3456,55,341,221,3,304,192,4,327,235,4,323,207,4,319,187,5,295,210,2,292,161,5,273,166,3,250,155,4,221,143,2,213,145,2,209,129,3,209,117,0,186,106,1,186,135,2,175,105,0,216,124,2,203,113,1,188,119,3,171,94,0,154,86,0,123,57,2,127,80,0,134,85,1,132,84,2
"Overtaking, passing","Right middle third of the vehicle",1589,1112,45,92,77,3,84,66,3,78,59,2,94,76,2,69,55,6,58,46,2,86,68,5,59,40,1,78,56,3,75,48,1,65,41,1,64,40,2,71,54,1,71,41,1,69,39,0,62,40,1,61,39,1,58,38,2,56,39,0,55,39,1,35,22,1,43,24,2,30,20,0,42,25,2,34,20,2
"Overtaking, passing","Right rear third of the vehicle",973,637,11,44,32,0,42,32,0,54,31,0,39,29,2,51,36,0,57,40,0,51,27,0,34,22,1,46,20,0,44,33,2,36,35,1,40,25,0,45,36,0,40,24,0,38,28,1,34,21,0,52,20,1,35,16,1,31,22,0,32,29,0,25,13,0,23,15,0,27,17,1,23,14,1,30,20,0
"Overtaking, passing","Right front two-thirds of the vehicle",1,1,0,0,0,0,0,0,0,0,0,0,1,1,0,0,0,0,0,0,0,0,0,0,0,0,0,0,0,0,0,0,0,0,0,0,0,0,0,0,0,0,0,0,0,0,0,0,0,0,0,0,0,0,0,0,0,0,0,0,0,0,0,0,0,0,0,0,0,0,0,0,0,0,0,0,0,0
"Overtaking, passing","Right rear two-thirds of the vehicle",1,0,0,0,0,0,0,0,0,0,0,0,0,0,0,0,0,0,0,0,0,0,0,0,1,0,0,0,0,0,0,0,0,0,0,0,0,0,0,0,0,0,0,0,0,0,0,0,0,0,0,0,0,0,0,0,0,0,0,0,0,0,0,0,0,0,0,0,0,0,0,0,0,0,0,0,0,0
"Overtaking, passing","Entire right side",983,955,47,81,80,9,50,62,0,59,62,2,44,52,1,51,58,8,48,45,1,47,53,2,51,48,1,45,55,4,36,30,5,39,39,1,36,29,0,46,37,2,29,22,0,38,27,0,40,44,2,23,27,1,32,29,1,29,26,0,28,25,0,30,21,1,22,15,1,30,31,4,24,22,0,25,16,1
"Overtaking, passing","Right side unspecified",37,31,2,0,0,0,0,0,0,0,0,0,0,0,0,1,1,0,0,0,0,0,0,0,0,0,0,0,0,0,2,1,0,1,1,0,1,1,0,1,2,0,2,2,0,4,6,0,2,1,0,3,1,1,4,0,0,1,1,0,3,2,0,1,3,0,2,2,0,3,3,0,5,4,1,1,0,0
"Overtaking, passing","Undercarriage",159,182,8,7,6,0,6,5,0,12,14,1,7,8,1,9,12,2,7,9,0,8,10,0,9,9,0,5,5,1,9,7,2,7,7,0,5,7,0,11,13,0,6,9,0,7,10,0,5,9,0,7,10,0,3,4,0,5,4,0,7,7,0,4,5,0,5,5,0,1,1,0,2,1,1,5,5,0
"Overtaking, passing","Interior",2,2,0,0,0,0,0,0,0,0,0,0,0,0,0,0,0,0,0,0,0,0,0,0,0,0,0,0,0,0,0,0,0,0,0,0,0,0,0,0,0,0,0,0,0,0,0,0,0,0,0,0,0,0,0,0,0,0,0,0,0,0,0,1,1,0,1,1,0,0,0,0,0,0,0,0,0,0
"Overtaking, passing","Attachment (either towed or trailer) was hit first",15,2,0,1,1,0,0,0,0,2,0,0,1,0,0,1,0,0,0,0,0,2,0,0,0,0,0,1,0,0,1,0,0,0,0,0,3,1,0,0,0,0,2,0,0,0,0,0,0,0,0,0,0,0,1,0,0,0,0,0,0,0,0,0,0,0,0,0,0,0,0,0,0,0,0,0,0,0
"Overtaking, passing","No apparent damage",791,126,2,11,2,0,64,7,1,55,3,0,67,6,0,60,8,0,58,10,0,50,8,0,49,3,1,40,7,0,34,8,0,34,6,0,23,3,0,37,5,0,22,4,0,18,4,0,27,3,0,34,8,0,22,1,0,16,3,0,17,5,0,18,4,0,6,4,0,7,2,0,15,10,0,7,2,0
"Overtaking, passing","Data element is not applicable",0,0,0,0,0,0,0,0,0,0,0,0,0,0,0,0,0,0,0,0,0,0,0,0,0,0,0,0,0,0,0,0,0,0,0,0,0,0,0,0,0,0,0,0,0,0,0,0,0,0,0,0,0,0,0,0,0,0,0,0,0,0,0,0,0,0,0,0,0,0,0,0,0,0,0,0,0,0
"Overtaking, passing","Choice is other than the preceding values",2964,3605,209,179,248,14,141,164,15,154,210,7,204,253,16,175,246,11,180,228,9,182,236,23,187,224,13,168,201,9,160,199,16,128,148,9,114,123,9,123,146,9,96,101,5,88,108,3,76,95,3,84,86,7,74,95,2,102,119,6,80,90,4,62,71,1,62,54,3,62,71,6,43,43,6,40,46,3
"Overtaking, passing","Unknown",15223,12282,443,833,656,23,802,640,22,737,589,16,826,668,24,811,616,21,802,684,18,860,682,23,898,777,24,808,615,15,662,563,18,710,582,25,661,509,19,560,455,20,525,445,15,493,435,14,449,371,10,477,405,16,433,364,14,473,368,13,436,344,11,426,331,18,368,297,12,393,313,16,404,285,13,376,288,23
"Overtaking, passing","Jurisdiction does not provide this data element",0,0,0,0,0,0,0,0,0,0,0,0,0,0,0,0,0,0,0,0,0,0,0,0,0,0,0,0,0,0,0,0,0,0,0,0,0,0,0,0,0,0,0,0,0,0,0,0,0,0,0,0,0,0,0,0,0,0,0,0,0,0,0,0,0,0,0,0,0,0,0,0,0,0,0,0,0,0
"Negotiating a curve","Total",5972,6698,279,0,0,0,28,33,1,26,34,1,25,35,1,24,29,1,21,21,1,17,25,0,13,12,0,341,418,18,311,378,15,383,457,15,343,412,12,344,403,15,447,495,21,405,468,15,364,430,18,295,318,18,395,424,16,352,391,13,306,330,10,322,337,14,287,309,18,285,264,25,334,335,20,304,340,11
"Negotiating a curve","Front, includes engine hood & windshield",3475,3916,146,0,0,0,6,5,1,4,3,0,4,5,0,10,11,0,6,8,0,4,10,0,4,2,0,214,257,10,193,228,5,230,266,9,210,263,5,196,226,9,231,252,11,217,250,9,199,248,7,155,182,6,239,252,10,221,246,10,186,201,7,200,221,8,178,196,9,183,173,12,202,204,13,183,207,5
"Negotiating a curve","Roof",212,299,16,0,0,0,1,2,0,0,0,0,2,3,0,1,2,0,1,2,0,3,5,0,2,2,0,17,29,1,8,11,0,17,33,0,11,13,1,17,25,2,22,25,2,16,18,0,17,25,3,15,19,0,12,19,1,5,9,0,6,9,0,9,12,2,11,18,2,9,9,1,4,3,1,6,6,0
"Negotiating a curve","Rear, including trunk",164,184,9,0,0,0,1,1,0,2,1,0,2,3,0,0,0,0,0,0,0,1,0,0,0,0,0,12,16,0,5,9,1,13,18,2,10,12,0,12,12,0,11,12,0,11,21,3,12,10,1,9,9,0,14,11,0,9,10,0,15,16,1,3,3,0,5,4,1,5,4,0,6,6,0,6,6,0
"Negotiating a curve","Left front third of the vehicle",411,403,10,0,0,0,2,2,0,2,2,0,0,0,0,6,7,0,6,4,0,2,3,0,1,1,0,13,17,0,15,15,0,19,24,0,24,25,0,26,28,1,33,34,0,46,46,1,43,40,2,19,14,1,28,32,0,16,14,0,16,14,0,20,14,0,16,16,2,15,9,1,20,18,1,23,24,1
"Negotiating a curve","Left middle third of the vehicle",182,198,14,0,0,0,0,0,0,0,0,0,0,0,0,2,3,0,0,0,0,2,1,0,0,0,0,7,7,0,7,12,1,12,18,0,9,10,0,11,9,0,17,18,3,12,15,1,13,17,0,10,6,4,7,7,0,12,12,1,11,15,1,11,11,0,4,6,0,8,7,2,15,11,0,12,13,1
"Negotiating a curve","Left rear third of the vehicle",103,94,3,0,0,0,0,0,0,1,1,0,0,0,0,0,0,0,0,0,0,0,0,0,0,0,0,2,1,0,7,5,0,12,10,0,4,4,0,3,4,0,12,16,0,5,3,0,7,9,0,5,3,0,5,4,0,10,10,0,8,11,0,4,1,0,3,2,0,4,2,0,3,2,1,8,6,2
"Negotiating a curve","Left front two-thirds of the vehicle",14,16,1,0,0,0,3,3,0,5,5,1,3,4,0,0,0,0,0,0,0,0,0,0,3,4,0,0,0,0,0,0,0,0,0,0,0,0,0,0,0,0,0,0,0,0,0,0,0,0,0,0,0,0,0,0,0,0,0,0,0,0,0,0,0,0,0,0,0,0,0,0,0,0,0,0,0,0
"Negotiating a curve","Left rear two-thirds of the vehicle",2,2,0,0,0,0,0,0,0,1,1,0,0,0,0,0,0,0,1,1,0,0,0,0,0,0,0,0,0,0,0,0,0,0,0,0,0,0,0,0,0,0,0,0,0,0,0,0,0,0,0,0,0,0,0,0,0,0,0,0,0,0,0,0,0,0,0,0,0,0,0,0,0,0,0,0,0,0
"Negotiating a curve","Entire left side",7,8,1,0,0,0,1,1,0,0,0,0,3,4,0,1,1,1,2,2,0,0,0,0,0,0,0,0,0,0,0,0,0,0,0,0,0,0,0,0,0,0,0,0,0,0,0,0,0,0,0,0,0,0,0,0,0,0,0,0,0,0,0,0,0,0,0,0,0,0,0,0,0,0,0,0,0,0
"Negotiating a curve","Left side unspecified",238,272,10,0,0,0,0,0,0,0,0,0,1,1,0,0,0,0,1,1,0,2,2,0,0,0,0,15,22,1,17,27,2,11,15,0,19,20,1,13,13,0,18,17,1,16,19,0,10,10,1,18,20,0,20,24,1,8,8,0,16,17,0,9,10,0,8,7,1,9,10,1,16,18,1,11,11,0
"Negotiating a curve","Right front third of the vehicle",316,368,13,0,0,0,3,3,0,1,1,0,2,6,0,0,0,0,1,0,1,1,1,0,1,2,0,21,21,1,15,22,1,17,21,1,11,14,0,16,21,1,46,53,3,25,29,0,23,29,0,18,19,2,23,26,1,14,14,0,9,9,0,13,15,0,15,18,1,6,4,1,20,23,0,15,17,0
"Negotiating a curve","Right middle third of the vehicle",176,204,10,0,0,0,0,0,0,0,0,0,0,0,0,0,0,0,0,0,0,0,0,0,0,0,0,11,13,1,3,3,0,7,5,1,12,13,0,13,21,2,15,21,0,11,15,0,10,10,3,14,15,2,9,10,1,13,18,0,7,7,0,12,13,0,11,13,0,13,14,0,5,4,0,10,9,0
"Negotiating a curve","Right rear third of the vehicle",77,82,3,0,0,0,0,0,0,0,0,0,0,0,0,1,2,0,2,2,0,0,0,0,0,0,0,3,3,0,6,5,2,10,11,0,4,5,0,2,5,0,8,11,0,4,5,0,6,5,0,3,2,0,3,2,0,3,5,0,1,1,0,4,2,1,5,3,0,4,3,0,5,7,0,3,3,0
"Negotiating a curve","Right front two-thirds of the vehicle",4,5,1,0,0,0,2,3,0,1,1,0,0,0,0,0,0,0,0,0,0,0,0,0,0,0,0,0,0,0,1,1,1,0,0,0,0,0,0,0,0,0,0,0,0,0,0,0,0,0,0,0,0,0,0,0,0,0,0,0,0,0,0,0,0,0,0,0,0,0,0,0,0,0,0,0,0,0
"Negotiating a curve","Right rear two-thirds of the vehicle",1,1,0,0,0,0,1,1,0,0,0,0,0,0,0,0,0,0,0,0,0,0,0,0,0,0,0,0,0,0,0,0,0,0,0,0,0,0,0,0,0,0,0,0,0,0,0,0,0,0,0,0,0,0,0,0,0,0,0,0,0,0,0,0,0,0,0,0,0,0,0,0,0,0,0,0,0,0
"Negotiating a curve","Entire right side",8,13,0,0,0,0,2,4,0,2,4,0,2,2,0,1,2,0,1,1,0,0,0,0,0,0,0,0,0,0,0,0,0,0,0,0,0,0,0,0,0,0,0,0,0,0,0,0,0,0,0,0,0,0,0,0,0,0,0,0,0,0,0,0,0,0,0,0,0,0,0,0,0,0,0,0,0,0
"Negotiating a curve","Right side unspecified",192,217,17,0,0,0,0,0,0,0,0,0,0,0,0,0,0,0,0,0,0,2,3,0,0,0,0,6,10,2,9,11,2,10,12,0,11,16,2,16,19,0,8,8,1,19,22,1,7,6,0,13,14,1,13,17,2,11,11,0,8,8,1,13,12,2,15,13,0,9,9,2,14,16,0,8,10,1
"Negotiating a curve","Undercarriage",75,92,2,0,0,0,2,2,0,0,0,0,0,0,0,0,0,0,0,0,0,0,0,0,0,0,0,2,3,0,2,3,0,3,2,1,4,6,0,4,5,0,9,10,0,4,4,0,5,6,0,3,4,0,6,8,0,8,12,0,2,2,0,5,7,0,1,1,0,4,5,0,5,6,1,6,6,0
"Negotiating a curve","Interior",0,0,0,0,0,0,0,0,0,0,0,0,0,0,0,0,0,0,0,0,0,0,0,0,0,0,0,0,0,0,0,0,0,0,0,0,0,0,0,0,0,0,0,0,0,0,0,0,0,0,0,0,0,0,0,0,0,0,0,0,0,0,0,0,0,0,0,0,0,0,0,0,0,0,0,0,0,0
"Negotiating a curve","Attachment (either towed or trailer) was hit first",0,0,0,0,0,0,0,0,0,0,0,0,0,0,0,0,0,0,0,0,0,0,0,0,0,0,0,0,0,0,0,0,0,0,0,0,0,0,0,0,0,0,0,0,0,0,0,0,0,0,0,0,0,0,0,0,0,0,0,0,0,0,0,0,0,0,0,0,0,0,0,0,0,0,0,0,0,0
"Negotiating a curve","No apparent damage",30,21,0,0,0,0,1,1,0,0,0,0,0,0,0,0,0,0,0,0,0,0,0,0,0,0,0,2,2,0,2,0,0,0,0,0,0,0,0,0,0,0,0,0,0,1,1,0,2,1,0,0,0,0,4,2,0,4,4,0,4,3,0,2,0,0,1,0,0,2,1,0,2,2,0,3,4,0
"Negotiating a curve","Data element is not applicable",0,0,0,0,0,0,0,0,0,0,0,0,0,0,0,0,0,0,0,0,0,0,0,0,0,0,0,0,0,0,0,0,0,0,0,0,0,0,0,0,0,0,0,0,0,0,0,0,0,0,0,0,0,0,0,0,0,0,0,0,0,0,0,0,0,0,0,0,0,0,0,0,0,0,0,0,0,0
"Negotiating a curve","Choice is other than the preceding values",28,25,3,0,0,0,0,0,0,0,0,0,0,0,0,0,0,0,0,0,0,0,0,0,0,0,0,0,0,0,0,0,0,1,1,0,0,0,0,0,0,0,0,0,0,1,1,0,0,0,0,3,3,0,0,0,0,0,0,0,7,5,0,4,4,0,3,3,0,3,3,1,2,1,1,4,4,1
"Negotiating a curve","Unknown",257,278,20,0,0,0,3,5,0,7,15,0,6,7,1,2,1,0,0,0,0,0,0,0,2,1,0,16,17,2,21,26,0,21,21,1,14,11,3,15,15,0,17,18,0,17,19,0,10,14,1,10,8,2,12,10,0,18,18,2,10,12,0,13,12,1,11,9,2,11,11,4,15,14,1,6,14,0
"Negotiating a curve","Jurisdiction does not provide this data element",0,0,0,0,0,0,0,0,0,0,0,0,0,0,0,0,0,0,0,0,0,0,0,0,0,0,0,0,0,0,0,0,0,0,0,0,0,0,0,0,0,0,0,0,0,0,0,0,0,0,0,0,0,0,0,0,0,0,0,0,0,0,0,0,0,0,0,0,0,0,0,0,0,0,0,0,0,0
"Slowing or stopping in traffic","Total",704914,510535,678,39543,31500,39,38841,30150,30,36117,28227,33,37026,28246,29,35016,26340,30,32703,24212,32,32215,23621,18,31163,22750,36,29992,21471,30,28029,20171,23,28687,20803,26,29802,21759,19,29542,21255,18,29958,21588,14,29890,21722,25,27821,19771,24,28996,20629,20,27271,19095,30,26283,18166,36,24111,16666,22,22291,14774,30,13444,7367,14,14982,10130,28,16382,10546,39,14809,9576,33
"Slowing or stopping in traffic","Front, includes engine hood & windshield",116691,47334,96,6529,2765,5,6409,2538,2,5900,2417,10,6438,2633,4,5985,2408,10,5564,2155,4,5483,2324,5,5140,2113,6,4896,2053,2,4595,1871,3,4653,1910,2,4814,1974,2,4903,2001,2,4793,1965,1,4953,1997,4,4840,1899,1,4679,1837,6,4265,1737,3,4101,1611,5,3884,1569,1,3603,1471,9,2252,779,2,2453,1015,1,3120,1261,4,2439,1031,2
"Slowing or stopping in traffic","Roof",557,544,7,51,53,0,43,38,0,29,26,1,39,47,0,22,24,0,31,37,0,22,25,2,34,33,0,23,21,1,25,29,0,26,27,0,18,21,0,14,14,1,18,16,0,26,27,0,16,12,0,10,7,0,16,14,0,15,11,1,15,12,0,12,9,0,11,8,0,7,2,0,14,15,0,20,16,1
"Slowing or stopping in traffic","Rear, including trunk",355353,316586,254,21539,20960,13,20942,20079,9,19512,18816,10,19338,18392,11,17768,16734,10,16525,15249,10,16242,14675,4,15865,14281,10,15043,13169,10,14301,12499,11,14643,12962,7,15167,13580,7,15061,13197,6,15618,13594,5,15160,13393,8,13857,12030,7,14415,12442,8,13455,11449,17,12771,10692,19,11525,9684,6,10283,8344,12,6126,3884,7,6798,5697,12,7037,5709,18,6362,5075,17
"Slowing or stopping in traffic","Left front third of the vehicle",22852,10378,21,1327,674,2,1307,635,3,1217,587,1,1259,565,0,1193,518,1,1096,514,3,1045,476,0,970,417,0,973,411,2,947,439,0,888,420,0,899,441,2,846,355,0,801,345,1,878,411,0,906,409,1,941,415,0,870,381,0,802,350,1,864,406,0,762,326,0,485,181,0,468,210,0,580,269,3,528,223,1
"Slowing or stopping in traffic","Left middle third of the vehicle",6651,3976,33,354,239,1,327,213,2,306,202,0,305,184,0,318,216,2,287,175,2,313,210,0,277,148,4,277,164,1,286,165,1,258,153,2,280,146,0,213,123,2,274,148,1,265,173,3,272,172,4,263,158,1,252,148,0,276,156,1,283,169,4,247,140,0,156,82,0,167,83,0,195,100,1,200,109,1
"Slowing or stopping in traffic","Left rear third of the vehicle",23912,17963,10,1296,1010,1,1193,993,0,1137,915,0,1191,938,0,1077,866,0,1029,868,3,995,756,0,966,731,0,1017,794,2,907,683,0,910,700,0,939,737,0,949,701,1,990,737,0,944,693,0,967,741,0,1083,835,0,1078,793,0,1047,765,0,961,674,1,865,591,0,508,262,0,539,343,0,702,440,0,622,397,2
"Slowing or stopping in traffic","Left front two-thirds of the vehicle",4,2,0,0,0,0,2,0,0,0,0,0,0,0,0,2,2,0,0,0,0,0,0,0,0,0,0,0,0,0,0,0,0,0,0,0,0,0,0,0,0,0,0,0,0,0,0,0,0,0,0,0,0,0,0,0,0,0,0,0,0,0,0,0,0,0,0,0,0,0,0,0,0,0,0,0,0,0
"Slowing or stopping in traffic","Left rear two-thirds of the vehicle",1,1,0,0,0,0,0,0,0,0,0,0,0,0,0,1,1,0,0,0,0,0,0,0,0,0,0,0,0,0,0,0,0,0,0,0,0,0,0,0,0,0,0,0,0,0,0,0,0,0,0,0,0,0,0,0,0,0,0,0,0,0,0,0,0,0,0,0,0,0,0,0,0,0,0,0,0,0
"Slowing or stopping in traffic","Entire left side",3216,2354,28,213,176,2,186,133,2,164,117,0,148,117,5,191,137,1,143,105,0,119,92,1,119,105,1,111,87,0,143,107,2,137,101,0,129,99,0,136,106,1,110,87,1,128,104,0,109,73,2,135,97,0,124,83,3,132,91,2,141,83,3,96,68,0,57,39,0,75,48,2,72,46,0,98,53,0
"Slowing or stopping in traffic","Left side unspecified",58,50,1,0,0,0,0,0,0,0,0,0,0,0,0,0,0,0,0,0,0,1,1,0,0,0,0,0,0,0,0,0,0,0,0,0,2,2,0,0,0,0,5,7,0,5,4,0,5,6,0,8,5,0,9,6,1,4,2,0,2,1,0,7,8,0,3,2,0,2,2,0,2,1,0,3,3,0
"Slowing or stopping in traffic","Right front third of the vehicle",15742,6396,21,950,406,1,923,401,1,846,318,5,880,362,0,899,353,0,790,304,1,708,273,1,699,289,0,674,279,0,630,262,2,629,263,0,594,228,0,623,240,0,623,253,1,646,288,1,604,278,1,576,241,1,611,236,1,516,207,0,520,187,1,501,195,1,257,93,0,322,155,0,363,144,3,358,141,0
"Slowing or stopping in traffic","Right middle third of the vehicle",4903,2956,12,246,117,2,251,154,1,239,140,0,224,142,1,196,108,1,189,113,0,183,106,0,220,129,0,192,98,0,216,132,1,210,133,0,219,132,1,225,130,0,230,153,0,198,129,0,203,138,0,211,154,0,174,90,2,190,115,0,161,104,1,145,91,0,123,63,1,124,87,1,162,96,0,172,102,0
"Slowing or stopping in traffic","Right rear third of the vehicle",21511,17228,11,1141,1045,0,1212,1080,0,1120,1000,1,1084,924,0,1014,890,0,959,826,2,897,765,0,878,731,0,840,666,3,823,714,1,887,685,2,852,677,0,859,689,0,877,691,0,952,764,0,837,688,0,947,684,0,904,639,0,891,660,1,806,603,0,702,492,0,430,241,0,491,323,0,572,383,1,536,368,0
"Slowing or stopping in traffic","Right front two-thirds of the vehicle",1,1,0,0,0,0,0,0,0,1,1,0,0,0,0,0,0,0,0,0,0,0,0,0,0,0,0,0,0,0,0,0,0,0,0,0,0,0,0,0,0,0,0,0,0,0,0,0,0,0,0,0,0,0,0,0,0,0,0,0,0,0,0,0,0,0,0,0,0,0,0,0,0,0,0,0,0,0
"Slowing or stopping in traffic","Right rear two-thirds of the vehicle",0,0,0,0,0,0,0,0,0,0,0,0,0,0,0,0,0,0,0,0,0,0,0,0,0,0,0,0,0,0,0,0,0,0,0,0,0,0,0,0,0,0,0,0,0,0,0,0,0,0,0,0,0,0,0,0,0,0,0,0,0,0,0,0,0,0,0,0,0,0,0,0,0,0,0,0,0,0
"Slowing or stopping in traffic","Entire right side",1989,1513,11,129,115,0,90,81,0,109,91,2,93,73,1,98,78,0,91,70,0,74,51,0,77,63,0,75,54,2,99,79,0,91,67,2,87,68,0,84,58,1,87,73,0,71,45,0,81,66,1,81,59,0,72,48,0,66,53,0,78,57,0,61,38,0,50,29,0,40,24,2,56,38,0,49,35,0
"Slowing or stopping in traffic","Right side unspecified",32,19,1,0,0,0,0,0,0,0,0,0,0,0,0,0,0,0,0,0,0,0,0,0,1,0,0,0,0,0,0,0,0,1,1,0,2,1,0,1,1,0,2,2,0,2,0,0,5,2,1,3,1,0,1,0,0,1,1,0,0,0,0,5,4,0,2,2,0,2,1,0,2,2,0,2,1,0
"Slowing or stopping in traffic","Undercarriage",523,420,7,38,37,1,31,26,0,23,17,0,35,37,0,32,31,0,26,17,0,34,24,1,22,13,1,28,24,1,23,25,0,22,19,1,21,20,0,23,20,0,11,5,0,20,13,0,17,10,0,20,14,0,13,7,0,14,14,0,12,8,0,18,12,2,8,6,0,10,8,0,17,11,0,5,2,0
"Slowing or stopping in traffic","Interior",22,9,0,1,1,0,2,0,0,0,0,0,0,0,0,1,1,0,1,0,0,0,0,0,0,0,0,2,1,0,2,1,0,1,0,0,1,0,0,1,0,0,0,0,0,3,2,0,0,0,0,1,0,0,0,0,0,1,1,0,3,1,0,1,0,0,0,0,0,0,0,0,0,0,0,1,1,0
"Slowing or stopping in traffic","Attachment (either towed or trailer) was hit first",45,16,0,0,0,0,2,0,0,2,0,0,2,1,0,3,1,0,4,2,0,2,1,0,1,2,0,2,0,0,1,1,0,9,4,0,1,0,0,1,0,0,2,0,0,2,1,0,2,1,0,2,0,0,1,1,0,0,0,0,1,1,0,0,0,0,0,0,0,4,0,0,1,0,0,0,0,0
"Slowing or stopping in traffic","No apparent damage",7989,4053,6,230,107,0,483,223,0,492,237,0,440,213,0,478,223,0,466,200,0,459,202,1,422,193,0,385,177,0,313,134,0,328,170,0,300,152,0,310,170,0,315,143,0,278,153,0,194,76,1,245,113,0,221,114,0,205,90,0,164,84,1,163,82,0,272,173,1,292,232,0,266,205,2,268,187,0
"Slowing or stopping in traffic","Data element is not applicable",0,0,0,0,0,0,0,0,0,0,0,0,0,0,0,0,0,0,0,0,0,0,0,0,0,0,0,0,0,0,0,0,0,0,0,0,0,0,0,0,0,0,0,0,0,0,0,0,0,0,0,0,0,0,0,0,0,0,0,0,0,0,0,0,0,0,0,0,0,0,0,0,0,0,0,0,0,0
"Slowing or stopping in traffic","Choice is other than the preceding values",17222,15084,53,1115,1098,6,811,797,2,914,859,1,900,802,1,1021,966,2,870,797,3,922,771,0,819,704,4,843,763,3,740,638,2,667,567,3,762,616,2,748,675,2,953,768,1,771,636,2,577,524,0,775,680,0,635,554,1,683,573,2,510,412,1,467,383,4,177,128,1,199,133,5,168,117,3,175,123,2
"Slowing or stopping in traffic","Unknown",105640,63652,106,4384,2697,5,4627,2759,8,4106,2484,2,4650,2816,6,4717,2783,3,4632,2780,4,4716,2869,3,4653,2798,10,4611,2710,3,3978,2392,0,4327,2621,7,4715,2865,5,4545,2775,2,4249,2601,3,4588,2889,7,4329,2646,5,4601,2887,4,4570,2795,2,4568,2774,4,4181,2611,3,4353,2520,2,2527,1395,2,2989,1767,5,3053,1709,4,2971,1709,7
"Slowing or stopping in traffic","Jurisdiction does not provide this data element",0,0,0,0,0,0,0,0,0,0,0,0,0,0,0,0,0,0,0,0,0,0,0,0,0,0,0,0,0,0,0,0,0,0,0,0,0,0,0,0,0,0,0,0,0,0,0,0,0,0,0,0,0,0,0,0,0,0,0,0,0,0,0,0,0,0,0,0,0,0,0,0,0,0,0,0,0,0
"Starting in traffic","Total",52288,27861,187,2220,1296,6,2008,1118,10,2155,1208,6,2186,1213,9,2181,1246,9,2104,1142,13,2075,1134,9,2098,1196,11,2115,1154,14,1849,1032,8,1850,948,7,2115,1074,5,2201,1170,5,2376,1163,8,2257,1154,7,2349,1219,8,2390,1242,9,2333,1200,8,2382,1242,1,2273,1287,4,2187,1163,7,1496,747,4,1724,818,8,1792,895,6,1572,800,5
"Starting in traffic","Front, includes engine hood & windshield",7892,2692,10,256,103,0,234,74,0,266,92,0,266,93,0,232,79,0,260,85,1,257,87,0,239,74,0,323,143,2,225,75,0,238,79,0,244,89,0,271,99,1,351,108,1,377,123,1,393,113,1,381,134,0,456,145,1,443,174,0,411,164,0,346,127,0,299,98,0,411,109,0,404,118,0,309,107,2
"Starting in traffic","Roof",34,34,4,3,6,0,1,1,0,3,0,0,0,0,0,0,0,0,1,1,0,2,2,0,1,1,0,5,6,3,0,0,0,3,3,0,0,0,0,3,2,1,2,3,0,2,2,0,3,1,0,0,0,0,1,1,0,2,3,0,0,0,0,1,1,0,1,1,0,0,0,0,0,0,0,0,0,0
"Starting in traffic","Rear, including trunk",2828,2757,5,130,133,0,105,125,0,97,102,0,133,141,0,135,147,0,114,115,0,114,108,1,114,103,1,99,92,0,109,103,1,81,79,0,87,76,1,103,102,0,112,93,0,113,117,1,123,116,0,141,146,0,123,118,0,155,145,0,136,126,0,127,125,0,96,80,0,82,70,0,96,96,0,103,99,0
"Starting in traffic","Left front third of the vehicle",1524,894,6,148,80,0,74,43,0,80,45,0,70,42,0,63,41,1,69,36,0,53,25,0,59,37,1,49,33,0,48,26,0,42,22,1,59,41,0,57,28,0,49,33,0,48,25,0,50,24,0,63,28,0,82,44,1,35,27,0,74,57,0,78,54,1,49,29,0,32,17,0,51,29,1,42,28,0
"Starting in traffic","Left middle third of the vehicle",765,609,20,47,44,1,23,16,1,33,29,0,28,21,1,29,29,0,26,17,2,30,28,0,27,16,2,30,26,1,27,18,1,20,18,1,28,21,0,33,21,1,20,17,1,24,18,2,33,24,2,38,31,1,34,28,0,34,26,1,41,28,0,41,39,0,25,18,0,34,28,1,42,35,0,18,13,1
"Starting in traffic","Left rear third of the vehicle",497,377,8,33,22,0,19,13,0,21,16,0,26,21,0,20,11,1,13,13,0,18,15,0,15,9,1,23,14,0,18,8,0,21,19,0,16,10,0,18,17,0,25,17,1,16,21,0,21,17,0,18,14,2,24,19,1,24,15,0,18,18,0,14,10,0,21,16,0,15,6,1,29,30,1,11,6,0
"Starting in traffic","Left front two-thirds of the vehicle",0,0,0,0,0,0,0,0,0,0,0,0,0,0,0,0,0,0,0,0,0,0,0,0,0,0,0,0,0,0,0,0,0,0,0,0,0,0,0,0,0,0,0,0,0,0,0,0,0,0,0,0,0,0,0,0,0,0,0,0,0,0,0,0,0,0,0,0,0,0,0,0,0,0,0,0,0,0
"Starting in traffic","Left rear two-thirds of the vehicle",0,0,0,0,0,0,0,0,0,0,0,0,0,0,0,0,0,0,0,0,0,0,0,0,0,0,0,0,0,0,0,0,0,0,0,0,0,0,0,0,0,0,0,0,0,0,0,0,0,0,0,0,0,0,0,0,0,0,0,0,0,0,0,0,0,0,0,0,0,0,0,0,0,0,0,0,0,0
"Starting in traffic","Entire left side",384,327,4,45,53,0,32,27,0,27,25,0,28,22,0,22,14,1,20,18,0,12,12,0,20,16,0,13,9,0,10,6,0,11,8,0,15,9,0,17,11,0,7,3,0,17,14,0,14,13,1,10,10,0,8,3,1,6,6,0,17,18,1,9,6,0,8,9,0,3,2,0,4,4,0,9,9,0
"Starting in traffic","Left side unspecified",8,8,0,0,0,0,0,0,0,0,0,0,0,0,0,0,0,0,0,0,0,0,0,0,0,0,0,1,2,0,2,2,0,0,0,0,0,0,0,0,0,0,1,1,0,0,0,0,0,0,0,0,0,0,0,0,0,0,0,0,0,0,0,2,1,0,0,0,0,1,1,0,0,0,0,1,1,0
"Starting in traffic","Right front third of the vehicle",1449,721,5,90,23,0,73,44,0,74,36,0,66,39,1,51,22,1,57,27,1,51,24,0,62,36,0,50,18,0,52,34,0,48,21,0,54,28,0,59,35,0,63,24,1,52,20,0,64,33,0,67,42,1,63,43,0,56,22,0,59,29,0,56,27,0,37,20,0,45,25,0,50,19,0,50,30,0
"Starting in traffic","Right middle third of the vehicle",715,536,2,28,23,1,28,11,0,22,25,0,10,5,0,20,19,0,25,17,0,26,23,1,19,15,0,21,19,0,26,21,0,22,13,0,22,13,0,17,16,0,31,28,0,38,28,0,38,21,0,38,31,0,37,29,0,30,18,0,39,32,0,44,36,0,35,22,0,38,17,0,34,33,0,27,21,0
"Starting in traffic","Right rear third of the vehicle",440,302,0,19,8,0,22,14,0,20,19,0,15,8,0,20,17,0,13,8,0,9,5,0,12,13,0,8,5,0,17,20,0,13,8,0,11,4,0,15,7,0,15,9,0,22,18,0,14,12,0,27,19,0,14,9,0,24,12,0,30,25,0,33,28,0,17,6,0,10,6,0,21,12,0,19,10,0
"Starting in traffic","Right front two-thirds of the vehicle",1,1,0,0,0,0,0,0,0,0,0,0,0,0,0,1,1,0,0,0,0,0,0,0,0,0,0,0,0,0,0,0,0,0,0,0,0,0,0,0,0,0,0,0,0,0,0,0,0,0,0,0,0,0,0,0,0,0,0,0,0,0,0,0,0,0,0,0,0,0,0,0,0,0,0,0,0,0
"Starting in traffic","Right rear two-thirds of the vehicle",0,0,0,0,0,0,0,0,0,0,0,0,0,0,0,0,0,0,0,0,0,0,0,0,0,0,0,0,0,0,0,0,0,0,0,0,0,0,0,0,0,0,0,0,0,0,0,0,0,0,0,0,0,0,0,0,0,0,0,0,0,0,0,0,0,0,0,0,0,0,0,0,0,0,0,0,0,0
"Starting in traffic","Entire right side",321,233,2,32,28,1,17,12,1,25,24,0,10,5,0,21,15,0,17,16,0,21,20,0,12,11,0,9,5,0,16,7,0,11,5,0,15,15,0,13,3,0,10,4,0,13,10,0,6,6,0,6,8,0,12,10,0,9,5,0,9,6,0,9,3,0,7,2,0,9,5,0,8,5,0,4,3,0
"Starting in traffic","Right side unspecified",5,7,0,0,0,0,0,0,0,0,0,0,0,0,0,0,0,0,0,0,0,0,0,0,0,0,0,1,0,0,0,0,0,0,0,0,0,0,0,0,0,0,2,2,0,0,0,0,0,0,0,1,5,0,0,0,0,1,0,0,0,0,0,0,0,0,0,0,0,0,0,0,0,0,0,0,0,0
"Starting in traffic","Undercarriage",17,15,0,4,7,0,1,1,0,0,0,0,0,0,0,1,1,0,0,0,0,1,1,0,0,0,0,3,2,0,1,1,0,0,0,0,1,0,0,0,0,0,0,0,0,0,0,0,0,0,0,1,0,0,0,0,0,0,0,0,0,0,0,1,0,0,1,0,0,0,0,0,2,2,0,0,0,0
"Starting in traffic","Interior",6,6,0,1,1,0,0,0,0,0,0,0,0,0,0,0,0,0,0,0,0,0,0,0,1,1,0,0,0,0,0,0,0,0,0,0,0,0,0,0,0,0,0,0,0,1,2,0,0,0,0,1,0,0,0,0,0,0,0,0,0,0,0,0,0,0,0,0,0,2,2,0,0,0,0,0,0,0
"Starting in traffic","Attachment (either towed or trailer) was hit first",10,0,0,0,0,0,1,0,0,1,0,0,0,0,0,1,0,0,0,0,0,0,0,0,0,0,0,1,0,0,0,0,0,0,0,0,0,0,0,2,0,0,0,0,0,1,0,0,1,0,0,0,0,0,1,0,0,0,0,0,0,0,0,0,0,0,0,0,0,0,0,0,1,0,0,0,0,0
"Starting in traffic","No apparent damage",820,146,0,29,6,0,64,16,0,64,13,0,59,10,0,56,6,0,44,6,0,42,5,0,30,5,0,37,2,0,26,5,0,24,2,0,36,4,0,26,7,0,46,4,0,22,3,0,33,5,0,33,5,0,27,6,0,33,5,0,20,1,0,20,1,0,14,10,0,16,10,0,9,7,0,10,2,0
"Starting in traffic","Data element is not applicable",0,0,0,0,0,0,0,0,0,0,0,0,0,0,0,0,0,0,0,0,0,0,0,0,0,0,0,0,0,0,0,0,0,0,0,0,0,0,0,0,0,0,0,0,0,0,0,0,0,0,0,0,0,0,0,0,0,0,0,0,0,0,0,0,0,0,0,0,0,0,0,0,0,0,0,0,0,0
"Starting in traffic","Choice is other than the preceding values",1432,1142,4,64,65,0,60,58,0,67,75,0,46,38,1,60,58,1,56,41,0,64,54,0,63,59,0,71,57,0,64,59,0,35,26,1,42,28,0,63,53,0,65,42,0,62,38,0,85,72,0,74,54,1,71,49,0,73,61,0,49,39,0,44,22,0,41,24,0,34,23,0,41,27,0,38,20,0
"Starting in traffic","Unknown",33140,17054,117,1291,694,3,1254,663,8,1355,707,6,1429,768,6,1449,786,4,1389,742,9,1375,725,7,1424,800,6,1371,721,8,1208,647,6,1281,645,4,1485,736,4,1504,769,2,1577,775,4,1449,715,3,1471,762,4,1491,715,4,1380,696,4,1457,723,0,1370,744,3,1362,683,6,845,412,4,992,497,6,1000,478,4,931,451,2
"Starting in traffic","Jurisdiction does not provide this data element",0,0,0,0,0,0,0,0,0,0,0,0,0,0,0,0,0,0,0,0,0,0,0,0,0,0,0,0,0,0,0,0,0,0,0,0,0,0,0,0,0,0,0,0,0,0,0,0,0,0,0,0,0,0,0,0,0,0,0,0,0,0,0,0,0,0,0,0,0,0,0,0,0,0,0,0,0,0
"Leaving roadside","Total",16937,9179,82,498,282,2,797,420,4,839,482,2,836,468,5,884,512,4,824,439,3,856,457,4,778,436,2,768,421,4,751,370,3,670,378,1,765,411,7,783,436,6,694,363,4,638,362,6,617,321,3,629,345,1,667,344,2,614,325,3,641,353,6,614,339,2,427,198,3,446,231,0,460,246,3,441,240,2
"Leaving roadside","Front, includes engine hood & windshield",2762,1565,15,81,42,1,115,63,0,120,67,0,113,52,3,138,84,0,133,55,1,128,63,0,122,70,0,126,79,0,130,65,0,110,62,0,130,68,2,121,68,1,108,49,2,95,67,1,95,50,0,97,53,0,113,57,0,116,58,1,120,89,1,119,86,0,79,49,2,80,49,0,86,55,0,87,65,0
"Leaving roadside","Roof",21,23,1,0,0,0,2,3,0,0,0,0,1,1,0,1,1,0,0,0,0,1,3,0,1,1,0,1,1,0,0,0,0,2,1,0,1,1,1,1,2,0,1,1,0,1,1,0,0,0,0,3,2,0,1,1,0,0,0,0,1,1,0,0,0,0,0,0,0,1,1,0,1,1,0,1,1,0
"Leaving roadside","Rear, including trunk",757,654,2,18,14,0,31,22,0,39,54,0,25,20,0,40,31,0,42,29,0,43,36,0,37,28,0,33,33,0,21,16,0,24,27,0,24,21,1,25,21,0,29,26,0,26,18,0,38,33,0,32,30,0,45,44,0,31,30,0,32,20,1,29,28,0,27,20,0,23,18,0,23,21,0,20,14,0
"Leaving roadside","Left front third of the vehicle",2311,1127,7,40,21,0,121,60,1,143,82,1,138,64,0,142,75,1,137,61,0,129,56,1,110,60,0,129,58,1,105,47,0,118,59,0,119,70,0,111,57,0,90,41,0,64,26,0,53,16,0,75,47,0,89,39,0,81,36,0,83,37,1,58,30,0,36,18,0,57,32,0,47,21,1,36,14,0
"Leaving roadside","Left middle third of the vehicle",750,515,11,12,8,1,43,35,0,55,47,0,65,50,1,49,29,0,41,30,1,51,42,0,46,29,0,42,30,1,41,24,1,37,24,1,36,22,1,32,21,2,29,17,0,13,6,0,14,11,0,18,8,1,19,11,0,24,19,0,16,12,0,16,14,1,17,7,0,12,7,0,13,6,0,9,6,0
"Leaving roadside","Left rear third of the vehicle",412,269,1,5,8,0,20,10,0,30,21,0,30,29,0,25,23,0,21,13,0,27,14,0,15,5,0,27,13,0,24,8,0,12,10,0,21,15,0,22,15,0,11,5,0,11,12,0,14,6,0,17,12,0,12,8,0,11,7,0,10,9,0,15,11,0,9,4,0,6,3,0,5,2,0,12,6,1
"Leaving roadside","Left front two-thirds of the vehicle",1,0,0,0,0,0,0,0,0,0,0,0,0,0,0,0,0,0,0,0,0,0,0,0,0,0,0,1,0,0,0,0,0,0,0,0,0,0,0,0,0,0,0,0,0,0,0,0,0,0,0,0,0,0,0,0,0,0,0,0,0,0,0,0,0,0,0,0,0,0,0,0,0,0,0,0,0,0
"Leaving roadside","Left rear two-thirds of the vehicle",0,0,0,0,0,0,0,0,0,0,0,0,0,0,0,0,0,0,0,0,0,0,0,0,0,0,0,0,0,0,0,0,0,0,0,0,0,0,0,0,0,0,0,0,0,0,0,0,0,0,0,0,0,0,0,0,0,0,0,0,0,0,0,0,0,0,0,0,0,0,0,0,0,0,0,0,0,0
"Leaving roadside","Entire left side",399,294,6,16,10,0,24,15,0,17,15,0,27,14,0,23,13,0,15,12,0,21,20,0,19,13,0,5,3,0,22,18,1,15,13,0,11,9,0,23,21,0,10,4,1,17,21,0,13,8,1,12,9,0,19,14,1,15,9,1,17,16,1,13,10,0,12,5,0,11,7,0,9,6,0,13,9,0
"Leaving roadside","Left side unspecified",13,11,0,0,0,0,0,0,0,0,0,0,0,0,0,0,0,0,0,0,0,0,0,0,0,0,0,1,1,0,1,1,0,0,0,0,3,3,0,0,0,0,0,0,0,0,0,0,0,0,0,0,0,0,1,1,0,2,2,0,0,0,0,1,1,0,1,0,0,1,1,0,2,1,0,0,0,0
"Leaving roadside","Right front third of the vehicle",849,393,2,20,10,0,51,23,0,61,22,1,46,24,0,41,16,0,47,29,0,47,25,0,44,23,0,56,31,0,38,10,0,31,14,0,33,14,0,34,14,0,25,15,0,26,13,0,29,14,0,36,18,0,27,11,0,28,14,0,21,7,0,27,10,1,22,9,0,17,6,0,26,9,0,16,12,0
"Leaving roadside","Right middle third of the vehicle",296,180,3,3,4,0,23,10,0,16,6,0,12,9,1,14,7,1,13,8,0,15,7,0,17,16,0,22,12,0,15,9,0,13,9,0,13,10,0,15,10,0,10,6,0,6,6,0,11,7,0,11,6,0,14,7,0,9,7,0,9,6,0,8,3,0,4,2,0,7,4,0,8,6,1,8,3,0
"Leaving roadside","Right rear third of the vehicle",310,113,2,6,3,0,14,4,0,15,3,0,13,8,0,17,8,1,9,8,1,22,7,0,14,6,0,20,12,0,18,5,0,11,3,0,18,8,0,10,4,0,14,4,0,9,4,0,11,3,0,11,0,0,14,0,0,13,6,0,7,3,0,10,4,0,11,4,0,5,0,0,9,5,0,9,1,0
"Leaving roadside","Right front two-thirds of the vehicle",2,6,1,0,0,0,0,0,0,0,0,0,0,0,0,0,0,0,0,0,0,0,0,0,0,0,0,1,2,0,0,0,0,0,0,0,0,0,0,0,0,0,0,0,0,1,4,1,0,0,0,0,0,0,0,0,0,0,0,0,0,0,0,0,0,0,0,0,0,0,0,0,0,0,0,0,0,0
"Leaving roadside","Right rear two-thirds of the vehicle",0,0,0,0,0,0,0,0,0,0,0,0,0,0,0,0,0,0,0,0,0,0,0,0,0,0,0,0,0,0,0,0,0,0,0,0,0,0,0,0,0,0,0,0,0,0,0,0,0,0,0,0,0,0,0,0,0,0,0,0,0,0,0,0,0,0,0,0,0,0,0,0,0,0,0,0,0,0
"Leaving roadside","Entire right side",174,133,2,5,4,0,9,7,0,11,12,0,8,6,0,11,12,0,15,15,0,6,6,0,5,2,1,3,3,0,9,5,1,5,4,0,10,8,0,6,3,0,5,3,0,5,6,0,5,2,0,6,2,0,7,7,0,6,4,0,7,4,0,4,3,0,1,1,0,9,4,0,9,6,0,7,4,0
"Leaving roadside","Right side unspecified",4,4,0,0,0,0,0,0,0,0,0,0,0,0,0,0,0,0,0,0,0,0,0,0,0,0,0,0,0,0,0,0,0,0,0,0,0,0,0,0,0,0,0,0,0,1,1,0,0,0,0,1,1,0,0,0,0,0,0,0,1,1,0,0,0,0,1,1,0,0,0,0,0,0,0,0,0,0
"Leaving roadside","Undercarriage",25,18,1,0,0,0,1,0,0,1,1,0,3,2,0,2,1,0,3,3,0,1,0,0,0,0,0,2,0,0,2,2,0,0,0,0,0,0,0,0,0,0,0,0,0,0,0,0,0,0,0,0,0,0,2,2,0,2,1,0,0,0,0,1,1,0,1,1,0,1,1,0,2,1,1,1,2,0
"Leaving roadside","Interior",0,0,0,0,0,0,0,0,0,0,0,0,0,0,0,0,0,0,0,0,0,0,0,0,0,0,0,0,0,0,0,0,0,0,0,0,0,0,0,0,0,0,0,0,0,0,0,0,0,0,0,0,0,0,0,0,0,0,0,0,0,0,0,0,0,0,0,0,0,0,0,0,0,0,0,0,0,0
"Leaving roadside","Attachment (either towed or trailer) was hit first",8,0,0,0,0,0,0,0,0,0,0,0,1,0,0,0,0,0,0,0,0,0,0,0,2,0,0,0,0,0,1,0,0,0,0,0,2,0,0,2,0,0,0,0,0,0,0,0,0,0,0,0,0,0,0,0,0,0,0,0,0,0,0,0,0,0,0,0,0,0,0,0,0,0,0,0,0,0
"Leaving roadside","No apparent damage",1213,488,5,29,4,0,56,14,0,64,15,0,54,20,0,60,16,1,71,27,0,78,24,1,65,29,0,49,18,0,70,38,0,66,30,0,63,27,0,66,36,0,63,36,0,73,34,2,48,13,1,50,19,0,30,11,0,25,8,0,36,17,0,43,17,0,16,2,0,13,12,0,16,15,0,9,6,0
"Leaving roadside","Data element is not applicable",0,0,0,0,0,0,0,0,0,0,0,0,0,0,0,0,0,0,0,0,0,0,0,0,0,0,0,0,0,0,0,0,0,0,0,0,0,0,0,0,0,0,0,0,0,0,0,0,0,0,0,0,0,0,0,0,0,0,0,0,0,0,0,0,0,0,0,0,0,0,0,0,0,0,0,0,0,0
"Leaving roadside","Choice is other than the preceding values",708,571,5,36,39,0,38,44,2,32,30,0,33,31,0,32,32,0,30,26,0,49,43,0,33,30,1,39,27,0,25,18,0,17,17,0,31,25,1,37,28,0,26,21,0,28,16,1,20,19,0,27,23,0,19,11,0,29,21,0,23,17,0,18,13,0,20,14,0,21,6,0,23,11,0,22,9,0
"Leaving roadside","Unknown",5922,2815,18,227,115,0,249,110,1,235,107,0,267,138,0,289,164,0,247,123,0,238,111,2,248,124,0,211,98,2,229,104,0,209,105,0,250,110,1,278,136,3,273,135,1,262,127,1,266,139,1,233,115,0,255,120,1,222,103,1,258,114,2,252,108,0,170,61,1,182,80,0,181,80,0,191,88,1
"Leaving roadside","Jurisdiction does not provide this data element",0,0,0,0,0,0,0,0,0,0,0,0,0,0,0,0,0,0,0,0,0,0,0,0,0,0,0,0,0,0,0,0,0,0,0,0,0,0,0,0,0,0,0,0,0,0,0,0,0,0,0,0,0,0,0,0,0,0,0,0,0,0,0,0,0,0,0,0,0,0,0,0,0,0,0,0,0,0
"Stopped/parked legally","Total",150804,68928,135,6628,2885,7,7056,3231,3,6834,3202,6,7051,3401,5,7204,3370,3,7019,3260,7,7335,3477,11,6938,3196,7,6691,3034,6,6134,2741,4,6252,2914,1,6413,2953,9,6246,2919,4,5846,2727,6,5830,2758,2,5755,2777,3,5885,2840,5,6317,2904,6,5806,2641,3,5479,2397,5,5364,2437,7,3575,1473,4,4444,1821,10,4501,1853,7,4201,1717,4
"Stopped/parked legally","Front, includes engine hood & windshield",3505,802,1,154,39,0,183,37,0,156,28,0,144,38,0,191,50,0,169,29,0,148,28,0,151,24,0,152,39,0,128,21,0,130,26,0,133,30,0,148,35,0,129,31,0,136,44,0,136,40,1,141,43,0,145,26,0,129,37,0,118,25,0,126,32,0,108,29,0,120,31,0,128,18,0,102,22,0
"Stopped/parked legally","Roof",94,14,0,3,0,0,9,1,0,2,0,0,5,0,0,3,0,0,9,0,0,7,1,0,3,1,0,2,0,0,4,1,0,6,1,0,8,4,0,3,1,0,1,1,0,4,0,0,2,1,0,1,0,0,3,1,0,3,0,0,1,0,0,3,0,0,4,0,0,0,0,0,5,0,0,3,1,0
"Stopped/parked legally","Rear, including trunk",9034,2156,16,516,120,0,454,94,2,448,90,0,453,107,1,487,113,0,427,90,1,426,98,3,368,77,2,359,66,1,348,68,0,330,76,0,338,65,1,318,68,1,353,57,2,375,82,0,335,141,0,384,161,0,392,96,0,285,57,0,322,67,1,280,70,0,256,61,0,260,69,1,297,84,0,223,79,0
"Stopped/parked legally","Left front third of the vehicle",2870,320,2,146,13,0,144,20,0,134,21,0,161,22,0,127,21,0,134,14,0,128,12,0,130,10,0,128,11,0,110,8,0,116,8,0,121,12,0,124,9,0,113,11,0,104,12,0,98,24,0,90,11,0,107,18,1,108,9,0,96,14,1,100,10,0,73,2,0,97,10,0,89,8,0,92,10,0
"Stopped/parked legally","Left middle third of the vehicle",2011,305,0,126,27,0,114,17,0,98,16,0,111,16,0,101,15,0,84,20,0,89,16,0,83,15,0,87,18,0,95,11,0,93,21,0,67,13,0,76,9,0,71,7,0,67,11,0,63,10,0,73,4,0,84,13,0,79,10,0,69,7,0,64,8,0,53,6,0,59,8,0,48,3,0,57,4,0
"Stopped/parked legally","Left rear third of the vehicle",6006,805,0,324,48,0,317,30,0,283,35,0,287,39,0,315,63,0,241,42,0,253,38,0,237,33,0,250,35,0,221,34,0,218,23,0,222,34,0,242,22,0,214,17,0,265,54,0,219,44,0,227,42,0,252,20,0,245,29,0,227,26,0,205,26,0,156,7,0,202,17,0,188,27,0,196,20,0
"Stopped/parked legally","Left front two-thirds of the vehicle",1,0,0,0,0,0,0,0,0,0,0,0,0,0,0,0,0,0,0,0,0,0,0,0,0,0,0,0,0,0,0,0,0,0,0,0,0,0,0,0,0,0,1,0,0,0,0,0,0,0,0,0,0,0,0,0,0,0,0,0,0,0,0,0,0,0,0,0,0,0,0,0,0,0,0,0,0,0
"Stopped/parked legally","Left rear two-thirds of the vehicle",1,0,0,0,0,0,0,0,0,0,0,0,0,0,0,0,0,0,0,0,0,0,0,0,0,0,0,0,0,0,0,0,0,0,0,0,0,0,0,0,0,0,0,0,0,0,0,0,0,0,0,0,0,0,1,0,0,0,0,0,0,0,0,0,0,0,0,0,0,0,0,0,0,0,0,0,0,0
"Stopped/parked legally","Entire left side",933,305,0,66,23,0,50,10,0,46,11,0,38,10,0,45,12,0,48,21,0,51,19,0,34,11,0,39,14,0,31,8,0,25,8,0,26,5,0,31,9,0,30,11,0,47,21,0,38,15,0,47,11,0,43,9,0,27,6,0,36,12,0,28,11,0,26,17,0,24,11,0,30,13,0,27,7,0
"Stopped/parked legally","Left side unspecified",33,4,0,0,0,0,1,0,0,0,0,0,0,0,0,0,0,0,0,0,0,0,0,0,0,0,0,0,0,0,0,0,0,1,0,0,0,0,0,1,0,0,1,1,0,2,0,0,7,0,0,0,0,0,8,1,0,1,0,0,1,0,0,1,0,0,2,0,0,1,0,0,2,1,0,4,1,0
"Stopped/parked legally","Right front third of the vehicle",1368,178,0,86,5,0,84,17,0,64,10,0,69,7,0,78,9,0,81,11,0,65,8,0,69,7,0,67,11,0,70,7,0,44,3,0,47,3,0,50,5,0,44,10,0,51,5,0,40,6,0,43,12,0,57,9,0,43,6,0,31,6,0,43,4,0,36,4,0,30,2,0,39,7,0,37,4,0
"Stopped/parked legally","Right middle third of the vehicle",772,120,0,47,9,0,41,8,0,21,5,0,45,7,0,33,8,0,40,8,0,28,1,0,32,4,0,39,2,0,33,1,0,22,4,0,33,3,0,36,2,0,28,4,0,24,8,0,26,3,0,32,8,0,33,4,0,33,10,0,28,2,0,22,3,0,21,4,0,24,4,0,32,7,0,19,1,0
"Stopped/parked legally","Right rear third of the vehicle",1825,250,0,98,11,0,106,21,0,93,17,0,100,21,0,80,10,0,99,10,0,86,16,0,89,4,0,86,8,0,84,9,0,61,7,0,69,13,0,76,10,0,63,7,0,50,10,0,57,12,0,70,12,0,59,6,0,64,11,0,65,4,0,60,10,0,54,6,0,50,5,0,63,7,0,43,3,0
"Stopped/parked legally","Right front two-thirds of the vehicle",1,0,0,0,0,0,0,0,0,1,0,0,0,0,0,0,0,0,0,0,0,0,0,0,0,0,0,0,0,0,0,0,0,0,0,0,0,0,0,0,0,0,0,0,0,0,0,0,0,0,0,0,0,0,0,0,0,0,0,0,0,0,0,0,0,0,0,0,0,0,0,0,0,0,0,0,0,0
"Stopped/parked legally","Right rear two-thirds of the vehicle",1,2,0,0,0,0,0,0,0,0,0,0,0,0,0,0,0,0,0,0,0,0,0,0,0,0,0,0,0,0,0,0,0,0,0,0,1,2,0,0,0,0,0,0,0,0,0,0,0,0,0,0,0,0,0,0,0,0,0,0,0,0,0,0,0,0,0,0,0,0,0,0,0,0,0,0,0,0
"Stopped/parked legally","Entire right side",262,85,0,15,8,0,13,6,0,9,1,0,21,4,0,14,8,0,16,6,0,9,5,0,16,8,0,10,3,0,9,2,0,8,4,0,10,3,0,8,1,0,8,0,0,10,3,0,9,2,0,13,3,0,6,0,0,6,2,0,10,4,0,10,3,0,9,1,0,13,8,0,6,0,0,4,0,0
"Stopped/parked legally","Right side unspecified",21,12,0,0,0,0,0,0,0,0,0,0,0,0,0,0,0,0,0,0,0,0,0,0,0,0,0,0,0,0,2,0,0,0,0,0,0,0,0,0,0,0,2,0,0,2,0,0,4,2,0,0,0,0,2,3,0,0,0,0,4,4,0,3,1,0,1,1,0,0,0,0,0,0,0,1,1,0
"Stopped/parked legally","Undercarriage",43,6,0,4,0,0,1,0,0,1,0,0,5,1,0,3,0,0,4,0,0,1,1,0,1,0,0,0,0,0,1,0,0,0,0,0,2,1,0,1,0,0,3,0,0,2,1,0,2,1,0,0,0,0,2,1,0,2,0,0,1,0,0,3,0,0,0,0,0,2,0,0,1,0,0,1,0,0
"Stopped/parked legally","Interior",0,0,0,0,0,0,0,0,0,0,0,0,0,0,0,0,0,0,0,0,0,0,0,0,0,0,0,0,0,0,0,0,0,0,0,0,0,0,0,0,0,0,0,0,0,0,0,0,0,0,0,0,0,0,0,0,0,0,0,0,0,0,0,0,0,0,0,0,0,0,0,0,0,0,0,0,0,0
"Stopped/parked legally","Attachment (either towed or trailer) was hit first",28,1,0,0,0,0,3,0,0,1,0,0,1,0,0,1,0,0,3,0,0,3,0,0,1,0,0,3,0,0,2,0,0,0,0,0,2,1,0,2,0,0,0,0,0,0,0,0,0,0,0,0,0,0,0,0,0,0,0,0,1,0,0,0,0,0,2,0,0,1,0,0,1,0,0,1,0,0
"Stopped/parked legally","No apparent damage",418,118,0,16,5,0,30,8,0,18,4,0,29,11,0,21,2,0,26,7,0,19,5,0,15,6,0,22,7,0,8,0,0,12,6,0,10,4,0,14,3,0,9,2,0,18,7,0,15,2,0,31,12,0,20,5,0,17,2,0,23,1,0,13,3,0,6,2,0,8,4,0,10,6,0,8,4,0
"Stopped/parked legally","Data element is not applicable",0,0,0,0,0,0,0,0,0,0,0,0,0,0,0,0,0,0,0,0,0,0,0,0,0,0,0,0,0,0,0,0,0,0,0,0,0,0,0,0,0,0,0,0,0,0,0,0,0,0,0,0,0,0,0,0,0,0,0,0,0,0,0,0,0,0,0,0,0,0,0,0,0,0,0,0,0,0
"Stopped/parked legally","Choice is other than the preceding values",574,482,6,44,29,0,27,20,0,42,36,1,29,24,0,31,23,1,34,32,0,34,16,2,37,25,0,32,27,2,15,8,0,9,7,0,12,12,0,14,18,0,17,15,0,24,22,0,23,19,0,11,12,0,13,14,0,14,12,0,13,12,0,18,19,0,19,17,0,17,14,0,20,21,0,25,28,0
"Stopped/parked legally","Unknown",121003,62963,110,4983,2548,7,5479,2942,1,5417,2928,5,5553,3094,4,5674,3036,2,5604,2970,6,5988,3213,6,5672,2971,5,5415,2793,3,4973,2563,4,5177,2720,1,5312,2748,8,5102,2727,3,4759,2553,4,4649,2478,2,4681,2455,2,4722,2509,5,5090,2678,5,4750,2450,3,4433,2213,3,4385,2237,7,2749,1316,4,3536,1638,9,3542,1651,7,3358,1532,4
"Stopped/parked legally","Jurisdiction does not provide this data element",0,0,0,0,0,0,0,0,0,0,0,0,0,0,0,0,0,0,0,0,0,0,0,0,0,0,0,0,0,0,0,0,0,0,0,0,0,0,0,0,0,0,0,0,0,0,0,0,0,0,0,0,0,0,0,0,0,0,0,0,0,0,0,0,0,0,0,0,0,0,0,0,0,0,0,0,0,0
"Stopped/parked illegally","Total",59326,54494,37,139,63,0,1876,1782,6,1696,1581,2,1797,1641,2,1999,1864,1,1835,1694,0,1770,1604,4,1766,1578,2,1744,1637,1,1525,1399,0,1343,1230,0,1417,1260,3,1496,1384,3,2865,2506,0,3271,2941,1,3426,3104,2,3697,3477,1,4097,3838,1,4188,3960,1,4148,3889,1,3873,3599,1,2261,2051,2,2342,2132,0,2541,2300,2,2214,1980,1
"Stopped/parked illegally","Front, includes engine hood & windshield",3627,2296,0,17,6,0,128,87,0,112,86,0,113,69,0,109,63,0,114,81,0,99,52,0,101,58,0,119,71,0,100,67,0,97,51,0,97,61,0,90,52,0,137,74,0,179,104,0,206,126,0,220,130,0,247,171,0,252,182,0,252,168,0,261,166,0,145,98,0,142,87,0,165,103,0,125,83,0
"Stopped/parked illegally","Roof",32,25,0,0,0,0,2,1,0,3,2,0,1,0,0,2,3,0,3,2,0,4,6,0,2,1,0,3,2,0,2,4,0,5,3,0,0,0,0,0,0,0,1,0,0,0,0,0,1,1,0,1,0,0,0,0,0,0,0,0,0,0,0,0,0,0,2,0,0,0,0,0,0,0,0,0,0,0
"Stopped/parked illegally","Rear, including trunk",40648,41427,7,20,11,0,1309,1396,1,1173,1262,0,1251,1303,0,1388,1506,0,1252,1327,0,1216,1293,1,1249,1262,1,1224,1297,1,1079,1125,0,901,982,0,997,1005,0,968,1020,0,1579,1513,0,2090,2033,0,2168,2128,0,2512,2551,0,2909,2972,1,3002,3047,0,3006,3057,0,2719,2792,0,1639,1605,0,1703,1678,0,1774,1764,1,1520,1498,1
"Stopped/parked illegally","Left front third of the vehicle",917,515,3,5,2,0,39,19,3,31,18,0,39,18,0,35,19,0,43,19,0,32,14,0,31,19,0,22,20,0,22,12,0,28,13,0,28,13,0,26,13,0,39,22,0,48,29,0,54,32,0,47,41,0,50,25,0,51,28,0,44,24,0,55,26,0,26,14,0,34,24,0,51,31,0,37,20,0
"Stopped/parked illegally","Left middle third of the vehicle",748,479,0,5,2,0,25,18,0,26,10,0,33,20,0,33,14,0,24,13,0,33,21,0,29,23,0,27,20,0,18,12,0,19,11,0,23,13,0,22,9,0,26,14,0,39,27,0,40,28,0,35,28,0,33,24,0,47,29,0,44,29,0,50,32,0,25,14,0,27,23,0,43,27,0,22,18,0
"Stopped/parked illegally","Left rear third of the vehicle",1545,1273,1,1,1,0,36,29,0,35,20,0,29,21,0,43,25,0,34,20,0,40,19,0,39,27,0,29,14,0,25,14,0,24,14,0,19,10,0,40,28,0,140,137,0,149,151,1,154,145,0,121,107,0,75,56,0,82,63,0,101,83,0,83,69,0,52,39,0,73,71,0,65,59,0,56,51,0
"Stopped/parked illegally","Left front two-thirds of the vehicle",0,0,0,0,0,0,0,0,0,0,0,0,0,0,0,0,0,0,0,0,0,0,0,0,0,0,0,0,0,0,0,0,0,0,0,0,0,0,0,0,0,0,0,0,0,0,0,0,0,0,0,0,0,0,0,0,0,0,0,0,0,0,0,0,0,0,0,0,0,0,0,0,0,0,0,0,0,0
"Stopped/parked illegally","Left rear two-thirds of the vehicle",0,0,0,0,0,0,0,0,0,0,0,0,0,0,0,0,0,0,0,0,0,0,0,0,0,0,0,0,0,0,0,0,0,0,0,0,0,0,0,0,0,0,0,0,0,0,0,0,0,0,0,0,0,0,0,0,0,0,0,0,0,0,0,0,0,0,0,0,0,0,0,0,0,0,0,0,0,0
"Stopped/parked illegally","Entire left side",35,28,0,1,1,0,4,4,0,3,3,0,1,1,0,2,2,0,1,1,0,2,1,0,2,1,0,0,0,0,1,1,0,0,0,0,0,0,0,1,1,0,0,0,0,1,1,0,3,1,0,2,2,0,2,2,0,0,0,0,0,0,0,5,2,0,1,1,0,1,1,0,2,2,0,0,0,0
"Stopped/parked illegally","Left side unspecified",7,3,0,0,0,0,0,0,0,0,0,0,0,0,0,0,0,0,0,0,0,0,0,0,0,0,0,0,0,0,0,0,0,0,0,0,0,0,0,1,0,0,0,0,0,0,0,0,0,0,0,1,0,0,0,0,0,2,1,0,0,0,0,2,1,0,0,0,0,0,0,0,0,0,0,1,1,0
"Stopped/parked illegally","Right front third of the vehicle",430,238,1,4,3,0,10,9,0,20,10,0,15,9,1,24,12,0,16,7,0,8,2,0,12,7,0,14,9,0,13,4,0,12,4,0,10,7,0,9,8,0,20,7,0,25,15,0,29,17,0,21,13,0,25,10,0,27,24,0,28,17,0,20,13,0,16,7,0,19,9,0,19,9,0,14,6,0
"Stopped/parked illegally","Right middle third of the vehicle",350,224,0,0,0,0,5,5,0,9,9,0,8,7,0,19,7,0,7,3,0,11,8,0,13,9,0,10,3,0,14,3,0,8,4,0,5,4,0,6,6,0,15,7,0,15,11,0,23,19,0,22,15,0,32,20,0,22,16,0,24,14,0,32,15,0,9,5,0,14,13,0,12,10,0,15,11,0
"Stopped/parked illegally","Right rear third of the vehicle",1057,865,0,1,2,0,21,22,0,21,17,0,17,8,0,26,16,0,23,15,0,27,20,0,16,13,0,20,16,0,10,10,0,20,14,0,20,17,0,20,18,0,62,55,0,102,78,0,103,102,0,85,74,0,61,54,0,87,70,0,76,45,0,71,51,0,35,30,0,33,34,0,49,39,0,51,45,0
"Stopped/parked illegally","Right front two-thirds of the vehicle",0,0,0,0,0,0,0,0,0,0,0,0,0,0,0,0,0,0,0,0,0,0,0,0,0,0,0,0,0,0,0,0,0,0,0,0,0,0,0,0,0,0,0,0,0,0,0,0,0,0,0,0,0,0,0,0,0,0,0,0,0,0,0,0,0,0,0,0,0,0,0,0,0,0,0,0,0,0
"Stopped/parked illegally","Right rear two-thirds of the vehicle",0,0,0,0,0,0,0,0,0,0,0,0,0,0,0,0,0,0,0,0,0,0,0,0,0,0,0,0,0,0,0,0,0,0,0,0,0,0,0,0,0,0,0,0,0,0,0,0,0,0,0,0,0,0,0,0,0,0,0,0,0,0,0,0,0,0,0,0,0,0,0,0,0,0,0,0,0,0
"Stopped/parked illegally","Entire right side",16,15,0,2,2,0,2,3,0,2,2,0,0,0,0,0,0,0,1,1,0,0,0,0,0,0,0,1,1,0,0,0,0,0,0,0,1,0,0,0,0,0,0,0,0,1,1,0,1,1,0,0,0,0,0,0,0,1,1,0,3,2,0,0,0,0,0,0,0,0,0,0,0,0,0,1,1,0
"Stopped/parked illegally","Right side unspecified",0,0,0,0,0,0,0,0,0,0,0,0,0,0,0,0,0,0,0,0,0,0,0,0,0,0,0,0,0,0,0,0,0,0,0,0,0,0,0,0,0,0,0,0,0,0,0,0,0,0,0,0,0,0,0,0,0,0,0,0,0,0,0,0,0,0,0,0,0,0,0,0,0,0,0,0,0,0
"Stopped/parked illegally","Undercarriage",19,18,0,0,0,0,0,0,0,1,0,0,1,1,0,1,2,0,0,0,0,1,1,0,1,0,0,2,1,0,0,0,0,0,0,0,0,0,0,0,0,0,0,0,0,1,2,0,2,4,0,3,3,0,1,0,0,2,1,0,0,0,0,1,1,0,0,0,0,0,0,0,1,1,0,1,1,0
"Stopped/parked illegally","Interior",21,15,0,0,0,0,0,0,0,1,0,0,0,0,0,0,0,0,0,0,0,0,0,0,0,0,0,0,0,0,0,0,0,1,1,0,0,0,0,2,2,0,0,0,0,3,5,0,3,2,0,0,0,0,4,2,0,2,0,0,2,2,0,1,0,0,1,1,0,1,0,0,0,0,0,0,0,0
"Stopped/parked illegally","Attachment (either towed or trailer) was hit first",13,2,0,0,0,0,0,0,0,3,0,0,1,1,0,0,0,0,1,0,0,1,0,0,0,0,0,0,0,0,1,0,0,1,1,0,0,0,0,1,0,0,0,0,0,0,0,0,0,0,0,1,0,0,0,0,0,0,0,0,0,0,0,2,0,0,1,0,0,0,0,0,0,0,0,0,0,0
"Stopped/parked illegally","No apparent damage",43,22,0,1,1,0,2,1,0,1,0,0,2,2,0,2,1,0,3,0,0,2,1,0,3,0,0,1,0,0,2,0,0,2,1,0,3,3,0,0,0,0,1,1,0,0,0,0,3,4,0,2,1,0,3,1,0,2,1,0,1,0,0,3,1,0,1,1,0,0,0,0,2,1,0,1,1,0
"Stopped/parked illegally","Data element is not applicable",0,0,0,0,0,0,0,0,0,0,0,0,0,0,0,0,0,0,0,0,0,0,0,0,0,0,0,0,0,0,0,0,0,0,0,0,0,0,0,0,0,0,0,0,0,0,0,0,0,0,0,0,0,0,0,0,0,0,0,0,0,0,0,0,0,0,0,0,0,0,0,0,0,0,0,0,0,0
"Stopped/parked illegally","Choice is other than the preceding values",4862,4375,4,4,3,0,93,82,0,73,62,1,85,76,0,70,70,0,71,71,0,81,76,0,85,75,0,84,91,0,73,70,0,62,64,0,52,50,0,73,75,0,236,199,0,354,323,0,423,392,0,460,424,0,422,369,0,415,383,0,400,368,1,397,346,1,207,186,1,188,154,0,231,186,0,223,180,0
"Stopped/parked illegally","Unknown",4956,2674,21,78,29,0,200,106,2,182,80,1,201,105,1,245,124,1,242,134,0,213,90,3,183,83,1,188,92,0,165,77,0,163,67,0,162,77,3,237,152,3,609,477,0,264,161,0,213,102,2,164,88,1,233,132,0,194,114,1,167,80,0,171,84,0,101,50,1,107,38,0,127,68,1,147,64,0
"Stopped/parked illegally","Jurisdiction does not provide this data element",0,0,0,0,0,0,0,0,0,0,0,0,0,0,0,0,0,0,0,0,0,0,0,0,0,0,0,0,0,0,0,0,0,0,0,0,0,0,0,0,0,0,0,0,0,0,0,0,0,0,0,0,0,0,0,0,0,0,0,0,0,0,0,0,0,0,0,0,0,0,0,0,0,0,0,0,0,0
"Swerving to avoid collision","Total",5564,5509,151,358,373,7,233,236,8,249,263,7,246,277,7,276,320,8,234,241,9,278,260,11,273,283,9,240,239,8,193,192,5,169,176,6,180,198,7,183,192,7,232,223,9,253,243,4,214,202,5,203,204,2,210,185,10,222,188,4,233,204,3,216,207,3,173,168,1,176,161,4,179,155,4,141,119,3
"Swerving to avoid collision","Front, includes engine hood & windshield",1557,1465,31,54,39,0,60,56,3,52,46,3,62,58,1,74,81,1,59,63,1,61,53,4,61,64,0,54,39,0,47,54,1,36,36,1,43,45,0,48,49,1,64,62,4,78,81,0,81,68,1,67,78,1,71,58,2,73,54,1,84,77,1,84,84,1,67,65,1,60,60,0,62,51,1,55,44,2
"Swerving to avoid collision","Roof",55,73,5,3,4,0,3,6,0,6,11,0,4,5,0,3,2,1,0,0,0,4,4,0,3,5,0,3,2,1,2,3,0,5,6,1,3,4,2,2,4,0,1,1,0,2,3,0,2,2,0,1,1,0,1,1,0,0,0,0,2,3,0,2,3,0,0,0,0,2,2,0,0,0,0,1,1,0
"Swerving to avoid collision","Rear, including trunk",203,169,1,15,17,0,12,8,0,12,10,1,7,9,0,2,2,0,9,12,0,12,7,0,4,3,0,6,6,0,12,9,0,7,2,0,5,5,0,3,4,0,6,5,0,13,10,0,5,4,0,14,15,0,7,5,0,6,3,0,7,4,0,7,5,0,10,9,0,11,9,0,6,1,0,5,5,0
"Swerving to avoid collision","Left front third of the vehicle",259,209,8,6,7,0,11,12,0,17,17,0,9,8,0,15,19,0,20,16,0,10,4,1,15,10,1,7,4,0,11,5,1,8,8,2,8,4,0,6,6,1,10,10,0,15,11,0,6,4,0,14,13,0,12,6,0,11,6,0,12,6,0,13,11,0,2,3,0,5,5,2,13,10,0,3,4,0
"Swerving to avoid collision","Left middle third of the vehicle",111,97,4,0,0,0,8,7,1,4,3,0,7,12,1,5,5,0,2,1,0,3,2,0,8,6,0,4,3,2,2,2,0,6,7,0,2,0,0,0,0,0,7,4,0,8,10,0,3,1,0,5,3,0,7,7,0,4,3,0,5,3,0,4,4,0,5,3,0,4,2,0,4,5,0,4,4,0
"Swerving to avoid collision","Left rear third of the vehicle",93,56,3,0,0,0,7,3,0,3,1,0,5,6,0,5,3,0,2,1,0,9,7,3,4,2,0,5,2,0,5,2,0,4,3,0,4,6,0,4,3,0,1,1,0,5,2,0,3,3,0,0,0,0,5,2,0,6,3,0,1,0,0,6,4,0,1,0,0,1,1,0,3,1,0,4,0,0
"Swerving to avoid collision","Left front two-thirds of the vehicle",4,6,0,0,0,0,1,0,0,1,2,0,1,1,0,1,3,0,0,0,0,0,0,0,0,0,0,0,0,0,0,0,0,0,0,0,0,0,0,0,0,0,0,0,0,0,0,0,0,0,0,0,0,0,0,0,0,0,0,0,0,0,0,0,0,0,0,0,0,0,0,0,0,0,0,0,0,0
"Swerving to avoid collision","Left rear two-thirds of the vehicle",1,1,0,0,0,0,0,0,0,0,0,0,0,0,0,0,0,0,0,0,0,0,0,0,1,1,0,0,0,0,0,0,0,0,0,0,0,0,0,0,0,0,0,0,0,0,0,0,0,0,0,0,0,0,0,0,0,0,0,0,0,0,0,0,0,0,0,0,0,0,0,0,0,0,0,0,0,0
"Swerving to avoid collision","Entire left side",119,106,1,10,11,0,7,6,0,2,0,0,7,8,0,3,2,0,6,3,0,7,7,0,4,3,0,6,4,0,13,12,0,3,2,0,6,7,0,1,1,0,2,4,0,2,2,0,3,2,0,6,5,0,4,3,0,4,7,0,5,6,0,5,3,0,3,2,0,4,2,1,5,3,0,1,1,0
"Swerving to avoid collision","Left side unspecified",1,2,0,0,0,0,0,0,0,0,0,0,1,2,0,0,0,0,0,0,0,0,0,0,0,0,0,0,0,0,0,0,0,0,0,0,0,0,0,0,0,0,0,0,0,0,0,0,0,0,0,0,0,0,0,0,0,0,0,0,0,0,0,0,0,0,0,0,0,0,0,0,0,0,0,0,0,0
"Swerving to avoid collision","Right front third of the vehicle",324,285,5,10,10,0,15,13,0,21,20,1,21,22,0,19,21,1,11,9,0,20,17,0,20,18,0,19,15,0,6,7,2,9,7,0,11,11,1,9,8,0,7,5,0,7,6,0,14,13,0,9,9,0,13,8,0,19,13,0,16,10,0,11,11,0,13,13,0,9,7,0,10,9,0,5,3,0
"Swerving to avoid collision","Right middle third of the vehicle",90,75,7,0,0,0,3,4,0,3,4,0,6,5,1,3,4,0,4,7,0,5,3,2,1,0,0,4,7,2,3,0,0,2,2,0,0,0,0,5,2,1,5,5,1,5,1,0,3,2,0,8,5,0,4,3,0,3,1,0,7,3,0,3,3,0,6,6,0,4,6,0,2,2,0,1,0,0
"Swerving to avoid collision","Right rear third of the vehicle",57,39,1,1,1,0,2,1,0,1,0,0,1,0,0,4,4,0,2,1,1,1,0,0,3,7,0,3,3,0,2,1,0,0,0,0,1,0,0,1,0,0,4,5,0,4,1,0,0,0,0,6,2,0,0,0,0,6,3,0,5,3,0,3,1,0,2,3,0,3,3,0,1,0,0,1,0,0
"Swerving to avoid collision","Right front two-thirds of the vehicle",5,6,0,0,0,0,2,1,0,0,0,0,0,0,0,2,4,0,0,0,0,0,0,0,0,0,0,0,0,0,0,0,0,0,0,0,0,0,0,0,0,0,0,0,0,0,0,0,0,0,0,1,1,0,0,0,0,0,0,0,0,0,0,0,0,0,0,0,0,0,0,0,0,0,0,0,0,0
"Swerving to avoid collision","Right rear two-thirds of the vehicle",0,0,0,0,0,0,0,0,0,0,0,0,0,0,0,0,0,0,0,0,0,0,0,0,0,0,0,0,0,0,0,0,0,0,0,0,0,0,0,0,0,0,0,0,0,0,0,0,0,0,0,0,0,0,0,0,0,0,0,0,0,0,0,0,0,0,0,0,0,0,0,0,0,0,0,0,0,0
"Swerving to avoid collision","Entire right side",116,116,1,11,13,1,11,11,0,8,7,0,4,5,0,7,9,0,2,1,0,11,9,0,6,6,0,4,3,0,6,5,0,6,7,0,3,3,0,5,4,0,5,4,0,5,5,0,2,2,0,2,3,0,3,4,0,2,2,0,3,2,0,3,3,0,2,4,0,0,0,0,3,3,0,2,1,0
"Swerving to avoid collision","Right side unspecified",0,0,0,0,0,0,0,0,0,0,0,0,0,0,0,0,0,0,0,0,0,0,0,0,0,0,0,0,0,0,0,0,0,0,0,0,0,0,0,0,0,0,0,0,0,0,0,0,0,0,0,0,0,0,0,0,0,0,0,0,0,0,0,0,0,0,0,0,0,0,0,0,0,0,0,0,0,0
"Swerving to avoid collision","Undercarriage",33,36,0,1,1,0,1,2,0,1,1,0,0,0,0,2,2,0,4,6,0,2,1,0,0,0,0,1,1,0,2,1,0,0,0,0,1,1,0,0,0,0,1,1,0,2,4,0,1,1,0,0,0,0,0,0,0,5,5,0,3,3,0,0,0,0,1,1,0,2,2,0,1,1,0,2,2,0
"Swerving to avoid collision","Interior",2,2,0,0,0,0,0,0,0,0,0,0,0,0,0,0,0,0,0,0,0,0,0,0,0,0,0,0,0,0,0,0,0,0,0,0,0,0,0,0,0,0,0,0,0,0,0,0,0,0,0,0,0,0,0,0,0,0,0,0,1,1,0,1,1,0,0,0,0,0,0,0,0,0,0,0,0,0
"Swerving to avoid collision","Attachment (either towed or trailer) was hit first",0,0,0,0,0,0,0,0,0,0,0,0,0,0,0,0,0,0,0,0,0,0,0,0,0,0,0,0,0,0,0,0,0,0,0,0,0,0,0,0,0,0,0,0,0,0,0,0,0,0,0,0,0,0,0,0,0,0,0,0,0,0,0,0,0,0,0,0,0,0,0,0,0,0,0,0,0,0
"Swerving to avoid collision","No apparent damage",88,38,0,3,1,0,3,0,0,3,0,0,3,0,0,7,6,0,6,1,0,4,0,0,10,2,0,4,3,0,3,0,0,3,2,0,6,3,0,2,1,0,3,2,0,3,0,0,1,1,0,3,1,0,3,3,0,3,0,0,2,0,0,1,1,0,3,4,0,1,1,0,7,5,0,1,1,0
"Swerving to avoid collision","Data element is not applicable",0,0,0,0,0,0,0,0,0,0,0,0,0,0,0,0,0,0,0,0,0,0,0,0,0,0,0,0,0,0,0,0,0,0,0,0,0,0,0,0,0,0,0,0,0,0,0,0,0,0,0,0,0,0,0,0,0,0,0,0,0,0,0,0,0,0,0,0,0,0,0,0,0,0,0,0,0,0
"Swerving to avoid collision","Choice is other than the preceding values",1811,2139,57,95,121,4,68,91,2,95,122,0,90,118,4,105,135,3,79,88,5,101,123,1,111,136,8,103,130,2,67,78,1,69,84,2,70,94,2,72,91,4,80,88,3,77,80,1,72,81,4,50,57,0,60,68,3,63,73,2,68,72,2,54,55,0,33,34,0,47,41,1,47,46,3,35,33,0
"Swerving to avoid collision","Unknown",635,589,27,149,148,2,19,15,2,20,19,2,18,18,0,19,18,2,28,32,2,28,23,0,22,20,0,17,17,1,12,13,0,11,10,0,17,15,2,25,19,0,36,26,1,27,27,3,18,18,0,17,11,1,20,17,5,17,15,1,12,11,0,19,18,2,25,21,0,23,20,0,15,18,0,21,20,1
"Swerving to avoid collision","Jurisdiction does not provide this data element",0,0,0,0,0,0,0,0,0,0,0,0,0,0,0,0,0,0,0,0,0,0,0,0,0,0,0,0,0,0,0,0,0,0,0,0,0,0,0,0,0,0,0,0,0,0,0,0,0,0,0,0,0,0,0,0,0,0,0,0,0,0,0,0,0,0,0,0,0,0,0,0,0,0,0,0,0,0
"Run-away or roll-away vehicle","Total",139,97,6,0,0,0,0,0,0,0,0,0,0,0,0,0,0,0,0,0,0,0,0,0,2,1,0,6,4,0,5,4,1,5,3,0,6,2,0,7,3,0,8,3,2,11,9,0,11,5,0,10,5,0,12,8,1,8,7,0,10,13,0,9,11,0,6,3,2,10,8,0,6,3,0,7,5,0
"Run-away or roll-away vehicle","Front, includes engine hood & windshield",59,43,1,0,0,0,0,0,0,0,0,0,0,0,0,0,0,0,0,0,0,0,0,0,1,0,0,4,1,0,2,3,0,2,2,0,5,2,0,5,2,0,2,1,0,4,3,0,3,3,0,3,2,0,5,2,0,5,6,0,5,6,0,1,2,0,1,0,1,4,3,0,3,1,0,4,4,0
"Run-away or roll-away vehicle","Roof",1,4,0,0,0,0,0,0,0,0,0,0,0,0,0,0,0,0,0,0,0,0,0,0,0,0,0,0,0,0,0,0,0,0,0,0,0,0,0,0,0,0,0,0,0,0,0,0,0,0,0,0,0,0,0,0,0,0,0,0,1,4,0,0,0,0,0,0,0,0,0,0,0,0,0,0,0,0
"Run-away or roll-away vehicle","Rear, including trunk",18,9,0,0,0,0,0,0,0,0,0,0,0,0,0,0,0,0,0,0,0,0,0,0,0,0,0,0,0,0,0,0,0,2,0,0,1,0,0,0,0,0,2,1,0,0,0,0,2,0,0,1,1,0,2,2,0,1,0,0,0,0,0,2,2,0,1,1,0,2,1,0,2,1,0,0,0,0
"Run-away or roll-away vehicle","Left front third of the vehicle",11,6,1,0,0,0,0,0,0,0,0,0,0,0,0,0,0,0,0,0,0,0,0,0,1,1,0,0,0,0,1,0,1,0,0,0,0,0,0,0,0,0,1,1,0,2,1,0,2,1,0,1,0,0,1,1,0,0,0,0,0,0,0,1,1,0,0,0,0,1,0,0,0,0,0,0,0,0
"Run-away or roll-away vehicle","Left middle third of the vehicle",6,5,0,0,0,0,0,0,0,0,0,0,0,0,0,0,0,0,0,0,0,0,0,0,0,0,0,0,0,0,1,1,0,0,0,0,0,0,0,1,1,0,0,0,0,1,1,0,1,0,0,0,0,0,1,1,0,0,0,0,1,1,0,0,0,0,0,0,0,0,0,0,0,0,0,0,0,0
"Run-away or roll-away vehicle","Left rear third of the vehicle",0,0,0,0,0,0,0,0,0,0,0,0,0,0,0,0,0,0,0,0,0,0,0,0,0,0,0,0,0,0,0,0,0,0,0,0,0,0,0,0,0,0,0,0,0,0,0,0,0,0,0,0,0,0,0,0,0,0,0,0,0,0,0,0,0,0,0,0,0,0,0,0,0,0,0,0,0,0
"Run-away or roll-away vehicle","Left front two-thirds of the vehicle",0,0,0,0,0,0,0,0,0,0,0,0,0,0,0,0,0,0,0,0,0,0,0,0,0,0,0,0,0,0,0,0,0,0,0,0,0,0,0,0,0,0,0,0,0,0,0,0,0,0,0,0,0,0,0,0,0,0,0,0,0,0,0,0,0,0,0,0,0,0,0,0,0,0,0,0,0,0
"Run-away or roll-away vehicle","Left rear two-thirds of the vehicle",0,0,0,0,0,0,0,0,0,0,0,0,0,0,0,0,0,0,0,0,0,0,0,0,0,0,0,0,0,0,0,0,0,0,0,0,0,0,0,0,0,0,0,0,0,0,0,0,0,0,0,0,0,0,0,0,0,0,0,0,0,0,0,0,0,0,0,0,0,0,0,0,0,0,0,0,0,0
"Run-away or roll-away vehicle","Entire left side",0,0,0,0,0,0,0,0,0,0,0,0,0,0,0,0,0,0,0,0,0,0,0,0,0,0,0,0,0,0,0,0,0,0,0,0,0,0,0,0,0,0,0,0,0,0,0,0,0,0,0,0,0,0,0,0,0,0,0,0,0,0,0,0,0,0,0,0,0,0,0,0,0,0,0,0,0,0
"Run-away or roll-away vehicle","Left side unspecified",0,0,0,0,0,0,0,0,0,0,0,0,0,0,0,0,0,0,0,0,0,0,0,0,0,0,0,0,0,0,0,0,0,0,0,0,0,0,0,0,0,0,0,0,0,0,0,0,0,0,0,0,0,0,0,0,0,0,0,0,0,0,0,0,0,0,0,0,0,0,0,0,0,0,0,0,0,0
"Run-away or roll-away vehicle","Right front third of the vehicle",6,4,0,0,0,0,0,0,0,0,0,0,0,0,0,0,0,0,0,0,0,0,0,0,0,0,0,0,0,0,0,0,0,0,0,0,0,0,0,0,0,0,1,0,0,2,3,0,0,0,0,2,1,0,0,0,0,0,0,0,1,0,0,0,0,0,0,0,0,0,0,0,0,0,0,0,0,0
"Run-away or roll-away vehicle","Right middle third of the vehicle",2,0,2,0,0,0,0,0,0,0,0,0,0,0,0,0,0,0,0,0,0,0,0,0,0,0,0,0,0,0,0,0,0,0,0,0,0,0,0,0,0,0,1,0,2,0,0,0,1,0,0,0,0,0,0,0,0,0,0,0,0,0,0,0,0,0,0,0,0,0,0,0,0,0,0,0,0,0
"Run-away or roll-away vehicle","Right rear third of the vehicle",0,0,0,0,0,0,0,0,0,0,0,0,0,0,0,0,0,0,0,0,0,0,0,0,0,0,0,0,0,0,0,0,0,0,0,0,0,0,0,0,0,0,0,0,0,0,0,0,0,0,0,0,0,0,0,0,0,0,0,0,0,0,0,0,0,0,0,0,0,0,0,0,0,0,0,0,0,0
"Run-away or roll-away vehicle","Right front two-thirds of the vehicle",0,0,0,0,0,0,0,0,0,0,0,0,0,0,0,0,0,0,0,0,0,0,0,0,0,0,0,0,0,0,0,0,0,0,0,0,0,0,0,0,0,0,0,0,0,0,0,0,0,0,0,0,0,0,0,0,0,0,0,0,0,0,0,0,0,0,0,0,0,0,0,0,0,0,0,0,0,0
"Run-away or roll-away vehicle","Right rear two-thirds of the vehicle",0,0,0,0,0,0,0,0,0,0,0,0,0,0,0,0,0,0,0,0,0,0,0,0,0,0,0,0,0,0,0,0,0,0,0,0,0,0,0,0,0,0,0,0,0,0,0,0,0,0,0,0,0,0,0,0,0,0,0,0,0,0,0,0,0,0,0,0,0,0,0,0,0,0,0,0,0,0
"Run-away or roll-away vehicle","Entire right side",5,5,0,0,0,0,0,0,0,0,0,0,0,0,0,0,0,0,0,0,0,0,0,0,0,0,0,0,0,0,0,0,0,0,0,0,0,0,0,0,0,0,0,0,0,0,0,0,0,0,0,0,0,0,0,0,0,0,0,0,0,0,0,1,1,0,1,1,0,1,1,0,1,1,0,1,1,0
"Run-away or roll-away vehicle","Right side unspecified",5,5,0,0,0,0,0,0,0,0,0,0,0,0,0,0,0,0,0,0,0,0,0,0,0,0,0,1,2,0,0,0,0,0,0,0,0,0,0,0,0,0,0,0,0,0,0,0,0,0,0,0,0,0,1,1,0,0,0,0,2,2,0,1,0,0,0,0,0,0,0,0,0,0,0,0,0,0
"Run-away or roll-away vehicle","Undercarriage",4,6,0,0,0,0,0,0,0,0,0,0,0,0,0,0,0,0,0,0,0,0,0,0,0,0,0,0,0,0,0,0,0,0,0,0,0,0,0,0,0,0,0,0,0,0,0,0,0,0,0,1,1,0,1,1,0,0,0,0,0,0,0,1,3,0,0,0,0,1,1,0,0,0,0,0,0,0
"Run-away or roll-away vehicle","Interior",0,0,0,0,0,0,0,0,0,0,0,0,0,0,0,0,0,0,0,0,0,0,0,0,0,0,0,0,0,0,0,0,0,0,0,0,0,0,0,0,0,0,0,0,0,0,0,0,0,0,0,0,0,0,0,0,0,0,0,0,0,0,0,0,0,0,0,0,0,0,0,0,0,0,0,0,0,0
"Run-away or roll-away vehicle","Attachment (either towed or trailer) was hit first",0,0,0,0,0,0,0,0,0,0,0,0,0,0,0,0,0,0,0,0,0,0,0,0,0,0,0,0,0,0,0,0,0,0,0,0,0,0,0,0,0,0,0,0,0,0,0,0,0,0,0,0,0,0,0,0,0,0,0,0,0,0,0,0,0,0,0,0,0,0,0,0,0,0,0,0,0,0
"Run-away or roll-away vehicle","No apparent damage",8,3,1,0,0,0,0,0,0,0,0,0,0,0,0,0,0,0,0,0,0,0,0,0,0,0,0,0,0,0,1,0,0,0,0,0,0,0,0,0,0,0,1,0,0,2,1,0,1,0,0,0,0,0,1,0,1,1,1,0,0,0,0,1,1,0,0,0,0,0,0,0,0,0,0,0,0,0
"Run-away or roll-away vehicle","Data element is not applicable",0,0,0,0,0,0,0,0,0,0,0,0,0,0,0,0,0,0,0,0,0,0,0,0,0,0,0,0,0,0,0,0,0,0,0,0,0,0,0,0,0,0,0,0,0,0,0,0,0,0,0,0,0,0,0,0,0,0,0,0,0,0,0,0,0,0,0,0,0,0,0,0,0,0,0,0,0,0
"Run-away or roll-away vehicle","Choice is other than the preceding values",1,0,1,0,0,0,0,0,0,0,0,0,0,0,0,0,0,0,0,0,0,0,0,0,0,0,0,0,0,0,0,0,0,0,0,0,0,0,0,0,0,0,0,0,0,0,0,0,0,0,0,0,0,0,0,0,0,0,0,0,0,0,0,0,0,0,1,0,1,0,0,0,0,0,0,0,0,0
"Run-away or roll-away vehicle","Unknown",13,7,0,0,0,0,0,0,0,0,0,0,0,0,0,0,0,0,0,0,0,0,0,0,0,0,0,1,1,0,0,0,0,1,1,0,0,0,0,1,0,0,0,0,0,0,0,0,1,1,0,2,0,0,0,0,0,1,0,0,0,0,0,1,1,0,2,1,0,1,2,0,0,0,0,2,0,0
"Run-away or roll-away vehicle","Jurisdiction does not provide this data element",0,0,0,0,0,0,0,0,0,0,0,0,0,0,0,0,0,0,0,0,0,0,0,0,0,0,0,0,0,0,0,0,0,0,0,0,0,0,0,0,0,0,0,0,0,0,0,0,0,0,0,0,0,0,0,0,0,0,0,0,0,0,0,0,0,0,0,0,0,0,0,0,0,0,0,0,0,0
"Vehicle maneuver unspecified","Total",884,488,10,861,464,10,2,2,0,4,5,0,5,3,0,1,1,0,0,0,0,2,2,0,0,0,0,1,1,0,1,1,0,0,0,0,0,0,0,2,1,0,1,1,0,0,0,0,0,0,0,0,0,0,1,2,0,0,0,0,3,5,0,0,0,0,0,0,0,0,0,0,0,0,0,0,0,0
"Vehicle maneuver unspecified","Front, includes engine hood & windshield",7,6,0,0,0,0,1,1,0,1,0,0,1,0,0,0,0,0,0,0,0,0,0,0,0,0,0,1,1,0,1,1,0,0,0,0,0,0,0,0,0,0,0,0,0,0,0,0,0,0,0,0,0,0,0,0,0,0,0,0,2,3,0,0,0,0,0,0,0,0,0,0,0,0,0,0,0,0
"Vehicle maneuver unspecified","Roof",1,2,0,0,0,0,0,0,0,1,2,0,0,0,0,0,0,0,0,0,0,0,0,0,0,0,0,0,0,0,0,0,0,0,0,0,0,0,0,0,0,0,0,0,0,0,0,0,0,0,0,0,0,0,0,0,0,0,0,0,0,0,0,0,0,0,0,0,0,0,0,0,0,0,0,0,0,0
"Vehicle maneuver unspecified","Rear, including trunk",0,0,0,0,0,0,0,0,0,0,0,0,0,0,0,0,0,0,0,0,0,0,0,0,0,0,0,0,0,0,0,0,0,0,0,0,0,0,0,0,0,0,0,0,0,0,0,0,0,0,0,0,0,0,0,0,0,0,0,0,0,0,0,0,0,0,0,0,0,0,0,0,0,0,0,0,0,0
"Vehicle maneuver unspecified","Left front third of the vehicle",1,0,0,0,0,0,0,0,0,0,0,0,1,0,0,0,0,0,0,0,0,0,0,0,0,0,0,0,0,0,0,0,0,0,0,0,0,0,0,0,0,0,0,0,0,0,0,0,0,0,0,0,0,0,0,0,0,0,0,0,0,0,0,0,0,0,0,0,0,0,0,0,0,0,0,0,0,0
"Vehicle maneuver unspecified","Left middle third of the vehicle",1,1,0,0,0,0,0,0,0,0,0,0,0,0,0,0,0,0,0,0,0,0,0,0,0,0,0,0,0,0,0,0,0,0,0,0,0,0,0,0,0,0,1,1,0,0,0,0,0,0,0,0,0,0,0,0,0,0,0,0,0,0,0,0,0,0,0,0,0,0,0,0,0,0,0,0,0,0
"Vehicle maneuver unspecified","Left rear third of the vehicle",0,0,0,0,0,0,0,0,0,0,0,0,0,0,0,0,0,0,0,0,0,0,0,0,0,0,0,0,0,0,0,0,0,0,0,0,0,0,0,0,0,0,0,0,0,0,0,0,0,0,0,0,0,0,0,0,0,0,0,0,0,0,0,0,0,0,0,0,0,0,0,0,0,0,0,0,0,0
"Vehicle maneuver unspecified","Left front two-thirds of the vehicle",1,2,0,0,0,0,0,0,0,0,0,0,0,0,0,0,0,0,0,0,0,1,2,0,0,0,0,0,0,0,0,0,0,0,0,0,0,0,0,0,0,0,0,0,0,0,0,0,0,0,0,0,0,0,0,0,0,0,0,0,0,0,0,0,0,0,0,0,0,0,0,0,0,0,0,0,0,0
"Vehicle maneuver unspecified","Left rear two-thirds of the vehicle",1,1,0,0,0,0,0,0,0,1,1,0,0,0,0,0,0,0,0,0,0,0,0,0,0,0,0,0,0,0,0,0,0,0,0,0,0,0,0,0,0,0,0,0,0,0,0,0,0,0,0,0,0,0,0,0,0,0,0,0,0,0,0,0,0,0,0,0,0,0,0,0,0,0,0,0,0,0
"Vehicle maneuver unspecified","Entire left side",0,0,0,0,0,0,0,0,0,0,0,0,0,0,0,0,0,0,0,0,0,0,0,0,0,0,0,0,0,0,0,0,0,0,0,0,0,0,0,0,0,0,0,0,0,0,0,0,0,0,0,0,0,0,0,0,0,0,0,0,0,0,0,0,0,0,0,0,0,0,0,0,0,0,0,0,0,0
"Vehicle maneuver unspecified","Left side unspecified",0,0,0,0,0,0,0,0,0,0,0,0,0,0,0,0,0,0,0,0,0,0,0,0,0,0,0,0,0,0,0,0,0,0,0,0,0,0,0,0,0,0,0,0,0,0,0,0,0,0,0,0,0,0,0,0,0,0,0,0,0,0,0,0,0,0,0,0,0,0,0,0,0,0,0,0,0,0
"Vehicle maneuver unspecified","Right front third of the vehicle",1,1,0,0,0,0,0,0,0,0,0,0,1,1,0,0,0,0,0,0,0,0,0,0,0,0,0,0,0,0,0,0,0,0,0,0,0,0,0,0,0,0,0,0,0,0,0,0,0,0,0,0,0,0,0,0,0,0,0,0,0,0,0,0,0,0,0,0,0,0,0,0,0,0,0,0,0,0
"Vehicle maneuver unspecified","Right middle third of the vehicle",1,1,0,0,0,0,0,0,0,0,0,0,1,1,0,0,0,0,0,0,0,0,0,0,0,0,0,0,0,0,0,0,0,0,0,0,0,0,0,0,0,0,0,0,0,0,0,0,0,0,0,0,0,0,0,0,0,0,0,0,0,0,0,0,0,0,0,0,0,0,0,0,0,0,0,0,0,0
"Vehicle maneuver unspecified","Right rear third of the vehicle",1,1,0,0,0,0,0,0,0,0,0,0,0,0,0,1,1,0,0,0,0,0,0,0,0,0,0,0,0,0,0,0,0,0,0,0,0,0,0,0,0,0,0,0,0,0,0,0,0,0,0,0,0,0,0,0,0,0,0,0,0,0,0,0,0,0,0,0,0,0,0,0,0,0,0,0,0,0
"Vehicle maneuver unspecified","Right front two-thirds of the vehicle",0,0,0,0,0,0,0,0,0,0,0,0,0,0,0,0,0,0,0,0,0,0,0,0,0,0,0,0,0,0,0,0,0,0,0,0,0,0,0,0,0,0,0,0,0,0,0,0,0,0,0,0,0,0,0,0,0,0,0,0,0,0,0,0,0,0,0,0,0,0,0,0,0,0,0,0,0,0
"Vehicle maneuver unspecified","Right rear two-thirds of the vehicle",0,0,0,0,0,0,0,0,0,0,0,0,0,0,0,0,0,0,0,0,0,0,0,0,0,0,0,0,0,0,0,0,0,0,0,0,0,0,0,0,0,0,0,0,0,0,0,0,0,0,0,0,0,0,0,0,0,0,0,0,0,0,0,0,0,0,0,0,0,0,0,0,0,0,0,0,0,0
"Vehicle maneuver unspecified","Entire right side",1,2,0,0,0,0,0,0,0,1,2,0,0,0,0,0,0,0,0,0,0,0,0,0,0,0,0,0,0,0,0,0,0,0,0,0,0,0,0,0,0,0,0,0,0,0,0,0,0,0,0,0,0,0,0,0,0,0,0,0,0,0,0,0,0,0,0,0,0,0,0,0,0,0,0,0,0,0
"Vehicle maneuver unspecified","Right side unspecified",0,0,0,0,0,0,0,0,0,0,0,0,0,0,0,0,0,0,0,0,0,0,0,0,0,0,0,0,0,0,0,0,0,0,0,0,0,0,0,0,0,0,0,0,0,0,0,0,0,0,0,0,0,0,0,0,0,0,0,0,0,0,0,0,0,0,0,0,0,0,0,0,0,0,0,0,0,0
"Vehicle maneuver unspecified","Undercarriage",0,0,0,0,0,0,0,0,0,0,0,0,0,0,0,0,0,0,0,0,0,0,0,0,0,0,0,0,0,0,0,0,0,0,0,0,0,0,0,0,0,0,0,0,0,0,0,0,0,0,0,0,0,0,0,0,0,0,0,0,0,0,0,0,0,0,0,0,0,0,0,0,0,0,0,0,0,0
"Vehicle maneuver unspecified","Interior",0,0,0,0,0,0,0,0,0,0,0,0,0,0,0,0,0,0,0,0,0,0,0,0,0,0,0,0,0,0,0,0,0,0,0,0,0,0,0,0,0,0,0,0,0,0,0,0,0,0,0,0,0,0,0,0,0,0,0,0,0,0,0,0,0,0,0,0,0,0,0,0,0,0,0,0,0,0
"Vehicle maneuver unspecified","Attachment (either towed or trailer) was hit first",0,0,0,0,0,0,0,0,0,0,0,0,0,0,0,0,0,0,0,0,0,0,0,0,0,0,0,0,0,0,0,0,0,0,0,0,0,0,0,0,0,0,0,0,0,0,0,0,0,0,0,0,0,0,0,0,0,0,0,0,0,0,0,0,0,0,0,0,0,0,0,0,0,0,0,0,0,0
"Vehicle maneuver unspecified","No apparent damage",0,0,0,0,0,0,0,0,0,0,0,0,0,0,0,0,0,0,0,0,0,0,0,0,0,0,0,0,0,0,0,0,0,0,0,0,0,0,0,0,0,0,0,0,0,0,0,0,0,0,0,0,0,0,0,0,0,0,0,0,0,0,0,0,0,0,0,0,0,0,0,0,0,0,0,0,0,0
"Vehicle maneuver unspecified","Data element is not applicable",0,0,0,0,0,0,0,0,0,0,0,0,0,0,0,0,0,0,0,0,0,0,0,0,0,0,0,0,0,0,0,0,0,0,0,0,0,0,0,0,0,0,0,0,0,0,0,0,0,0,0,0,0,0,0,0,0,0,0,0,0,0,0,0,0,0,0,0,0,0,0,0,0,0,0,0,0,0
"Vehicle maneuver unspecified","Choice is other than the preceding values",1,2,0,0,0,0,0,0,0,0,0,0,0,0,0,0,0,0,0,0,0,0,0,0,0,0,0,0,0,0,0,0,0,0,0,0,0,0,0,0,0,0,0,0,0,0,0,0,0,0,0,0,0,0,0,0,0,0,0,0,1,2,0,0,0,0,0,0,0,0,0,0,0,0,0,0,0,0
"Vehicle maneuver unspecified","Unknown",867,469,10,861,464,10,1,1,0,0,0,0,1,1,0,0,0,0,0,0,0,1,0,0,0,0,0,0,0,0,0,0,0,0,0,0,0,0,0,2,1,0,0,0,0,0,0,0,0,0,0,0,0,0,1,2,0,0,0,0,0,0,0,0,0,0,0,0,0,0,0,0,0,0,0,0,0,0
"Vehicle maneuver unspecified","Jurisdiction does not provide this data element",0,0,0,0,0,0,0,0,0,0,0,0,0,0,0,0,0,0,0,0,0,0,0,0,0,0,0,0,0,0,0,0,0,0,0,0,0,0,0,0,0,0,0,0,0,0,0,0,0,0,0,0,0,0,0,0,0,0,0,0,0,0,0,0,0,0,0,0,0,0,0,0,0,0,0,0,0,0
"Data element is not applicable","Total",0,0,0,0,0,0,0,0,0,0,0,0,0,0,0,0,0,0,0,0,0,0,0,0,0,0,0,0,0,0,0,0,0,0,0,0,0,0,0,0,0,0,0,0,0,0,0,0,0,0,0,0,0,0,0,0,0,0,0,0,0,0,0,0,0,0,0,0,0,0,0,0,0,0,0,0,0,0
"Data element is not applicable","Front, includes engine hood & windshield",0,0,0,0,0,0,0,0,0,0,0,0,0,0,0,0,0,0,0,0,0,0,0,0,0,0,0,0,0,0,0,0,0,0,0,0,0,0,0,0,0,0,0,0,0,0,0,0,0,0,0,0,0,0,0,0,0,0,0,0,0,0,0,0,0,0,0,0,0,0,0,0,0,0,0,0,0,0
"Data element is not applicable","Roof",0,0,0,0,0,0,0,0,0,0,0,0,0,0,0,0,0,0,0,0,0,0,0,0,0,0,0,0,0,0,0,0,0,0,0,0,0,0,0,0,0,0,0,0,0,0,0,0,0,0,0,0,0,0,0,0,0,0,0,0,0,0,0,0,0,0,0,0,0,0,0,0,0,0,0,0,0,0
"Data element is not applicable","Rear, including trunk",0,0,0,0,0,0,0,0,0,0,0,0,0,0,0,0,0,0,0,0,0,0,0,0,0,0,0,0,0,0,0,0,0,0,0,0,0,0,0,0,0,0,0,0,0,0,0,0,0,0,0,0,0,0,0,0,0,0,0,0,0,0,0,0,0,0,0,0,0,0,0,0,0,0,0,0,0,0
"Data element is not applicable","Left front third of the vehicle",0,0,0,0,0,0,0,0,0,0,0,0,0,0,0,0,0,0,0,0,0,0,0,0,0,0,0,0,0,0,0,0,0,0,0,0,0,0,0,0,0,0,0,0,0,0,0,0,0,0,0,0,0,0,0,0,0,0,0,0,0,0,0,0,0,0,0,0,0,0,0,0,0,0,0,0,0,0
"Data element is not applicable","Left middle third of the vehicle",0,0,0,0,0,0,0,0,0,0,0,0,0,0,0,0,0,0,0,0,0,0,0,0,0,0,0,0,0,0,0,0,0,0,0,0,0,0,0,0,0,0,0,0,0,0,0,0,0,0,0,0,0,0,0,0,0,0,0,0,0,0,0,0,0,0,0,0,0,0,0,0,0,0,0,0,0,0
"Data element is not applicable","Left rear third of the vehicle",0,0,0,0,0,0,0,0,0,0,0,0,0,0,0,0,0,0,0,0,0,0,0,0,0,0,0,0,0,0,0,0,0,0,0,0,0,0,0,0,0,0,0,0,0,0,0,0,0,0,0,0,0,0,0,0,0,0,0,0,0,0,0,0,0,0,0,0,0,0,0,0,0,0,0,0,0,0
"Data element is not applicable","Left front two-thirds of the vehicle",0,0,0,0,0,0,0,0,0,0,0,0,0,0,0,0,0,0,0,0,0,0,0,0,0,0,0,0,0,0,0,0,0,0,0,0,0,0,0,0,0,0,0,0,0,0,0,0,0,0,0,0,0,0,0,0,0,0,0,0,0,0,0,0,0,0,0,0,0,0,0,0,0,0,0,0,0,0
"Data element is not applicable","Left rear two-thirds of the vehicle",0,0,0,0,0,0,0,0,0,0,0,0,0,0,0,0,0,0,0,0,0,0,0,0,0,0,0,0,0,0,0,0,0,0,0,0,0,0,0,0,0,0,0,0,0,0,0,0,0,0,0,0,0,0,0,0,0,0,0,0,0,0,0,0,0,0,0,0,0,0,0,0,0,0,0,0,0,0
"Data element is not applicable","Entire left side",0,0,0,0,0,0,0,0,0,0,0,0,0,0,0,0,0,0,0,0,0,0,0,0,0,0,0,0,0,0,0,0,0,0,0,0,0,0,0,0,0,0,0,0,0,0,0,0,0,0,0,0,0,0,0,0,0,0,0,0,0,0,0,0,0,0,0,0,0,0,0,0,0,0,0,0,0,0
"Data element is not applicable","Left side unspecified",0,0,0,0,0,0,0,0,0,0,0,0,0,0,0,0,0,0,0,0,0,0,0,0,0,0,0,0,0,0,0,0,0,0,0,0,0,0,0,0,0,0,0,0,0,0,0,0,0,0,0,0,0,0,0,0,0,0,0,0,0,0,0,0,0,0,0,0,0,0,0,0,0,0,0,0,0,0
"Data element is not applicable","Right front third of the vehicle",0,0,0,0,0,0,0,0,0,0,0,0,0,0,0,0,0,0,0,0,0,0,0,0,0,0,0,0,0,0,0,0,0,0,0,0,0,0,0,0,0,0,0,0,0,0,0,0,0,0,0,0,0,0,0,0,0,0,0,0,0,0,0,0,0,0,0,0,0,0,0,0,0,0,0,0,0,0
"Data element is not applicable","Right middle third of the vehicle",0,0,0,0,0,0,0,0,0,0,0,0,0,0,0,0,0,0,0,0,0,0,0,0,0,0,0,0,0,0,0,0,0,0,0,0,0,0,0,0,0,0,0,0,0,0,0,0,0,0,0,0,0,0,0,0,0,0,0,0,0,0,0,0,0,0,0,0,0,0,0,0,0,0,0,0,0,0
"Data element is not applicable","Right rear third of the vehicle",0,0,0,0,0,0,0,0,0,0,0,0,0,0,0,0,0,0,0,0,0,0,0,0,0,0,0,0,0,0,0,0,0,0,0,0,0,0,0,0,0,0,0,0,0,0,0,0,0,0,0,0,0,0,0,0,0,0,0,0,0,0,0,0,0,0,0,0,0,0,0,0,0,0,0,0,0,0
"Data element is not applicable","Right front two-thirds of the vehicle",0,0,0,0,0,0,0,0,0,0,0,0,0,0,0,0,0,0,0,0,0,0,0,0,0,0,0,0,0,0,0,0,0,0,0,0,0,0,0,0,0,0,0,0,0,0,0,0,0,0,0,0,0,0,0,0,0,0,0,0,0,0,0,0,0,0,0,0,0,0,0,0,0,0,0,0,0,0
"Data element is not applicable","Right rear two-thirds of the vehicle",0,0,0,0,0,0,0,0,0,0,0,0,0,0,0,0,0,0,0,0,0,0,0,0,0,0,0,0,0,0,0,0,0,0,0,0,0,0,0,0,0,0,0,0,0,0,0,0,0,0,0,0,0,0,0,0,0,0,0,0,0,0,0,0,0,0,0,0,0,0,0,0,0,0,0,0,0,0
"Data element is not applicable","Entire right side",0,0,0,0,0,0,0,0,0,0,0,0,0,0,0,0,0,0,0,0,0,0,0,0,0,0,0,0,0,0,0,0,0,0,0,0,0,0,0,0,0,0,0,0,0,0,0,0,0,0,0,0,0,0,0,0,0,0,0,0,0,0,0,0,0,0,0,0,0,0,0,0,0,0,0,0,0,0
"Data element is not applicable","Right side unspecified",0,0,0,0,0,0,0,0,0,0,0,0,0,0,0,0,0,0,0,0,0,0,0,0,0,0,0,0,0,0,0,0,0,0,0,0,0,0,0,0,0,0,0,0,0,0,0,0,0,0,0,0,0,0,0,0,0,0,0,0,0,0,0,0,0,0,0,0,0,0,0,0,0,0,0,0,0,0
"Data element is not applicable","Undercarriage",0,0,0,0,0,0,0,0,0,0,0,0,0,0,0,0,0,0,0,0,0,0,0,0,0,0,0,0,0,0,0,0,0,0,0,0,0,0,0,0,0,0,0,0,0,0,0,0,0,0,0,0,0,0,0,0,0,0,0,0,0,0,0,0,0,0,0,0,0,0,0,0,0,0,0,0,0,0
"Data element is not applicable","Interior",0,0,0,0,0,0,0,0,0,0,0,0,0,0,0,0,0,0,0,0,0,0,0,0,0,0,0,0,0,0,0,0,0,0,0,0,0,0,0,0,0,0,0,0,0,0,0,0,0,0,0,0,0,0,0,0,0,0,0,0,0,0,0,0,0,0,0,0,0,0,0,0,0,0,0,0,0,0
"Data element is not applicable","Attachment (either towed or trailer) was hit first",0,0,0,0,0,0,0,0,0,0,0,0,0,0,0,0,0,0,0,0,0,0,0,0,0,0,0,0,0,0,0,0,0,0,0,0,0,0,0,0,0,0,0,0,0,0,0,0,0,0,0,0,0,0,0,0,0,0,0,0,0,0,0,0,0,0,0,0,0,0,0,0,0,0,0,0,0,0
"Data element is not applicable","No apparent damage",0,0,0,0,0,0,0,0,0,0,0,0,0,0,0,0,0,0,0,0,0,0,0,0,0,0,0,0,0,0,0,0,0,0,0,0,0,0,0,0,0,0,0,0,0,0,0,0,0,0,0,0,0,0,0,0,0,0,0,0,0,0,0,0,0,0,0,0,0,0,0,0,0,0,0,0,0,0
"Data element is not applicable","Data element is not applicable",0,0,0,0,0,0,0,0,0,0,0,0,0,0,0,0,0,0,0,0,0,0,0,0,0,0,0,0,0,0,0,0,0,0,0,0,0,0,0,0,0,0,0,0,0,0,0,0,0,0,0,0,0,0,0,0,0,0,0,0,0,0,0,0,0,0,0,0,0,0,0,0,0,0,0,0,0,0
"Data element is not applicable","Choice is other than the preceding values",0,0,0,0,0,0,0,0,0,0,0,0,0,0,0,0,0,0,0,0,0,0,0,0,0,0,0,0,0,0,0,0,0,0,0,0,0,0,0,0,0,0,0,0,0,0,0,0,0,0,0,0,0,0,0,0,0,0,0,0,0,0,0,0,0,0,0,0,0,0,0,0,0,0,0,0,0,0
"Data element is not applicable","Unknown",0,0,0,0,0,0,0,0,0,0,0,0,0,0,0,0,0,0,0,0,0,0,0,0,0,0,0,0,0,0,0,0,0,0,0,0,0,0,0,0,0,0,0,0,0,0,0,0,0,0,0,0,0,0,0,0,0,0,0,0,0,0,0,0,0,0,0,0,0,0,0,0,0,0,0,0,0,0
"Data element is not applicable","Jurisdiction does not provide this data element",0,0,0,0,0,0,0,0,0,0,0,0,0,0,0,0,0,0,0,0,0,0,0,0,0,0,0,0,0,0,0,0,0,0,0,0,0,0,0,0,0,0,0,0,0,0,0,0,0,0,0,0,0,0,0,0,0,0,0,0,0,0,0,0,0,0,0,0,0,0,0,0,0,0,0,0,0,0
"Choice is other than the preceding values","Total",75329,66213,2044,3542,3361,116,3987,3790,105,3757,3558,94,3978,3696,116,4124,4007,120,3749,3538,99,3738,3474,119,3683,3444,137,3566,3275,100,3195,2831,86,2858,2617,90,2926,2592,67,2997,2496,61,2996,2465,59,2533,2139,58,2608,2141,63,2665,2171,57,2684,2254,60,2800,2231,65,2573,2118,68,2372,1802,66,1890,1486,47,2027,1626,66,2090,1594,66,1991,1507,59
"Choice is other than the preceding values","Front, includes engine hood & windshield",11928,10090,173,547,478,2,631,542,8,563,468,3,599,482,6,599,542,3,567,485,2,562,481,5,569,479,10,512,415,10,488,408,6,425,368,3,428,381,5,477,415,5,375,293,3,387,317,5,384,309,8,478,410,9,481,412,8,487,387,7,415,335,14,393,333,8,356,293,10,429,379,10,413,360,7,363,318,16
"Choice is other than the preceding values","Roof",491,654,25,25,39,3,34,35,2,36,44,0,41,66,2,33,41,2,26,36,1,15,20,1,16,24,1,24,40,0,27,42,1,22,28,1,21,25,2,19,21,1,12,13,0,12,13,0,18,27,0,17,28,0,19,24,1,16,20,2,14,15,1,7,7,1,8,8,0,7,9,0,11,17,1,11,12,2
"Choice is other than the preceding values","Rear, including trunk",3713,3024,20,160,142,1,262,257,2,205,161,0,211,174,0,194,167,0,178,150,1,156,135,0,151,131,2,169,139,0,154,131,0,121,97,0,153,119,0,135,99,1,163,135,2,170,152,1,137,108,0,137,116,1,144,116,2,115,84,0,123,102,0,118,87,4,74,49,1,83,57,2,95,50,0,105,66,0
"Choice is other than the preceding values","Left front third of the vehicle",2918,2040,40,129,81,2,176,128,6,142,108,0,165,108,4,137,116,1,166,127,0,145,101,4,133,93,3,110,73,0,108,77,0,92,65,2,96,75,2,95,71,0,110,73,2,89,62,0,124,78,0,108,78,1,124,94,2,124,88,5,93,54,3,90,47,0,73,55,1,101,71,0,106,68,1,82,49,1
"Choice is other than the preceding values","Left middle third of the vehicle",733,534,12,21,15,3,31,24,0,29,22,0,31,25,0,21,18,0,23,18,1,30,21,1,26,20,1,36,31,0,34,21,1,22,12,0,21,18,0,24,16,0,33,31,0,25,18,0,36,29,0,52,30,1,40,27,2,37,28,0,36,30,1,28,20,1,18,11,0,24,16,0,27,15,0,28,18,0
"Choice is other than the preceding values","Left rear third of the vehicle",1048,786,7,37,39,0,50,47,1,61,38,0,67,53,0,47,34,0,55,45,1,56,58,0,53,45,0,37,35,0,33,24,0,45,45,0,36,19,1,45,35,0,36,20,0,43,30,1,51,36,0,33,19,1,51,33,0,36,26,0,34,24,1,31,20,1,26,14,0,20,14,0,36,19,0,29,14,0
"Choice is other than the preceding values","Left front two-thirds of the vehicle",1,3,0,0,0,0,0,0,0,1,3,0,0,0,0,0,0,0,0,0,0,0,0,0,0,0,0,0,0,0,0,0,0,0,0,0,0,0,0,0,0,0,0,0,0,0,0,0,0,0,0,0,0,0,0,0,0,0,0,0,0,0,0,0,0,0,0,0,0,0,0,0,0,0,0,0,0,0
"Choice is other than the preceding values","Left rear two-thirds of the vehicle",0,0,0,0,0,0,0,0,0,0,0,0,0,0,0,0,0,0,0,0,0,0,0,0,0,0,0,0,0,0,0,0,0,0,0,0,0,0,0,0,0,0,0,0,0,0,0,0,0,0,0,0,0,0,0,0,0,0,0,0,0,0,0,0,0,0,0,0,0,0,0,0,0,0,0,0,0,0
"Choice is other than the preceding values","Entire left side",2010,2003,77,145,158,8,135,149,2,137,144,4,132,126,6,127,127,3,91,93,6,77,85,2,87,83,4,77,94,3,83,91,4,83,70,4,83,85,4,87,84,1,49,38,2,72,78,3,86,91,3,61,57,3,49,47,2,70,65,2,67,60,2,49,50,3,53,45,1,39,30,3,40,34,1,31,19,1
"Choice is other than the preceding values","Left side unspecified",36,40,1,0,0,0,0,0,0,0,0,0,0,0,0,0,0,0,0,0,0,0,0,0,0,0,0,0,0,0,1,1,0,1,1,0,1,1,0,2,2,0,4,5,0,3,3,0,0,0,0,3,4,0,0,0,0,1,1,0,4,4,0,4,4,0,4,5,1,3,2,0,4,7,0,1,0,0
"Choice is other than the preceding values","Right front third of the vehicle",3249,2366,31,153,105,0,197,144,0,170,141,2,222,185,3,152,106,5,180,136,0,163,133,1,130,100,1,144,111,1,136,89,1,107,61,1,106,68,0,120,81,0,108,61,0,87,54,0,121,89,1,122,76,1,129,103,2,138,104,1,119,111,1,99,71,2,67,44,0,86,69,4,90,57,2,103,67,2
"Choice is other than the preceding values","Right middle third of the vehicle",654,478,19,18,12,0,22,17,0,34,19,0,28,30,0,20,12,0,32,27,3,24,17,0,32,34,1,32,22,1,22,15,0,20,17,0,24,15,0,17,9,0,30,15,2,31,19,1,30,24,2,29,14,0,30,22,0,28,17,0,31,24,4,31,29,2,18,12,0,28,24,0,17,15,1,26,17,2
"Choice is other than the preceding values","Right rear third of the vehicle",800,564,6,33,32,0,35,28,0,44,36,1,45,37,1,47,37,0,34,23,0,37,28,1,40,30,0,37,21,0,30,28,1,18,13,0,27,14,0,21,16,0,35,25,0,32,16,0,52,44,0,34,16,0,35,17,1,38,27,0,17,16,0,17,10,0,18,9,0,25,13,0,33,21,0,16,7,1
"Choice is other than the preceding values","Right front two-thirds of the vehicle",1,1,0,0,0,0,0,0,0,0,0,0,0,0,0,0,0,0,0,0,0,0,0,0,0,0,0,0,0,0,0,0,0,0,0,0,1,1,0,0,0,0,0,0,0,0,0,0,0,0,0,0,0,0,0,0,0,0,0,0,0,0,0,0,0,0,0,0,0,0,0,0,0,0,0,0,0,0
"Choice is other than the preceding values","Right rear two-thirds of the vehicle",0,0,0,0,0,0,0,0,0,0,0,0,0,0,0,0,0,0,0,0,0,0,0,0,0,0,0,0,0,0,0,0,0,0,0,0,0,0,0,0,0,0,0,0,0,0,0,0,0,0,0,0,0,0,0,0,0,0,0,0,0,0,0,0,0,0,0,0,0,0,0,0,0,0,0,0,0,0
"Choice is other than the preceding values","Entire right side",2017,2122,127,190,238,8,172,188,9,137,155,13,138,158,5,113,126,17,89,104,4,82,86,8,85,81,2,57,53,8,80,74,10,70,67,4,65,60,1,70,70,4,57,56,1,60,64,3,72,80,2,60,58,2,58,58,1,81,73,6,63,66,3,47,44,5,44,42,1,44,43,0,47,46,10,36,32,0
"Choice is other than the preceding values","Right side unspecified",36,49,1,0,0,0,0,0,0,0,0,0,0,0,0,0,0,0,0,0,0,0,0,0,0,0,0,0,0,0,2,2,0,1,1,0,4,10,0,1,1,0,6,9,0,3,2,0,1,2,0,2,2,0,0,0,0,2,2,1,2,2,0,4,4,0,2,2,0,1,1,0,2,3,0,3,6,0
"Choice is other than the preceding values","Undercarriage",149,150,1,2,2,0,6,7,0,10,11,0,7,6,0,10,11,0,6,7,0,11,13,0,9,11,0,10,10,0,7,6,0,5,2,0,3,3,0,4,4,0,3,2,0,3,3,0,7,4,1,6,7,0,4,3,0,4,5,0,7,7,0,10,11,0,7,8,0,4,3,0,3,3,0,1,1,0
"Choice is other than the preceding values","Interior",6,4,0,0,0,0,1,1,0,0,0,0,0,0,0,1,0,0,0,0,0,0,0,0,0,0,0,0,0,0,0,0,0,0,0,0,0,0,0,0,0,0,0,0,0,0,0,0,0,0,0,0,0,0,1,0,0,1,1,0,1,1,0,1,1,0,0,0,0,0,0,0,0,0,0,0,0,0
"Choice is other than the preceding values","Attachment (either towed or trailer) was hit first",4,0,0,1,0,0,0,0,0,0,0,0,0,0,0,0,0,0,1,0,0,0,0,0,0,0,0,1,0,0,0,0,0,1,0,0,0,0,0,0,0,0,0,0,0,0,0,0,0,0,0,0,0,0,0,0,0,0,0,0,0,0,0,0,0,0,0,0,0,0,0,0,0,0,0,0,0,0
"Choice is other than the preceding values","No apparent damage",1920,797,16,96,31,0,135,51,0,128,45,1,104,44,3,131,45,0,87,32,0,100,28,0,74,27,0,86,30,1,76,20,0,100,52,0,77,33,0,86,36,0,67,30,1,48,17,0,69,28,1,66,28,0,62,27,2,68,28,0,63,31,0,42,15,0,42,30,0,28,18,1,63,52,4,22,19,2
"Choice is other than the preceding values","Data element is not applicable",0,0,0,0,0,0,0,0,0,0,0,0,0,0,0,0,0,0,0,0,0,0,0,0,0,0,0,0,0,0,0,0,0,0,0,0,0,0,0,0,0,0,0,0,0,0,0,0,0,0,0,0,0,0,0,0,0,0,0,0,0,0,0,0,0,0,0,0,0,0,0,0,0,0,0,0,0,0
"Choice is other than the preceding values","Choice is other than the preceding values",17436,21432,1057,938,1244,61,933,1244,62,990,1323,59,1072,1359,68,1231,1607,62,952,1251,57,1012,1260,70,1071,1343,86,1085,1343,58,855,1015,38,745,927,57,704,863,40,673,760,37,815,885,28,552,664,28,506,627,32,476,540,27,502,589,25,525,591,28,459,536,24,352,396,26,284,301,24,269,297,26,225,240,19,210,227,15
"Choice is other than the preceding values","Unknown",26179,19076,431,1047,745,28,1167,928,13,1070,840,11,1116,843,18,1261,1018,27,1262,1004,23,1268,1008,26,1207,943,26,1149,858,18,1059,787,24,980,791,18,1076,802,12,1121,776,12,1093,774,18,916,627,16,914,565,13,981,688,11,955,682,12,1029,684,13,1025,700,14,1049,653,13,796,558,8,836,580,20,878,587,20,924,635,17
"Choice is other than the preceding values","Jurisdiction does not provide this data element",0,0,0,0,0,0,0,0,0,0,0,0,0,0,0,0,0,0,0,0,0,0,0,0,0,0,0,0,0,0,0,0,0,0,0,0,0,0,0,0,0,0,0,0,0,0,0,0,0,0,0,0,0,0,0,0,0,0,0,0,0,0,0,0,0,0,0,0,0,0,0,0,0,0,0,0,0,0
"Unknown","Total",819288,542394,8814,37369,25804,337,40255,27462,355,41320,28363,396,43280,29767,366,40216,27323,375,37918,25550,362,38863,25669,449,40628,26949,455,38643,25609,443,34333,22868,426,30614,19868,364,29543,19159,359,30589,19854,332,30260,19536,344,30794,19908,354,30176,19454,357,28854,18479,318,26563,17181,294,28039,18140,297,27723,17990,295,25583,16364,280,18882,12489,273,21233,13745,301,28144,18375,335,39466,26488,347
"Unknown","Front, includes engine hood & windshield",302758,158172,3038,13736,7308,97,14717,7865,109,15466,8212,109,16075,8289,106,13790,6971,135,12671,6286,102,13557,6814,142,14950,7692,138,14086,7293,134,12574,6811,135,11118,5852,112,10822,5655,120,11033,5665,104,11328,5768,116,11498,5793,116,11705,5890,136,11309,5777,115,10566,5592,109,11097,5963,119,10998,5859,155,10124,5292,118,7485,4201,108,8497,4811,125,10326,5693,140,13230,6820,138
"Unknown","Roof",1601,1718,70,62,74,4,63,76,1,78,81,3,91,103,2,72,94,4,74,74,8,77,88,1,92,104,2,95,103,3,94,97,6,70,77,5,81,80,4,65,66,1,52,51,0,59,59,1,53,60,3,52,62,5,47,57,2,41,38,1,47,48,1,50,51,2,36,33,3,42,45,2,50,39,4,58,58,2
"Unknown","Rear, including trunk",147202,135621,198,6568,6686,6,7089,7363,7,8202,8092,7,8657,8591,3,7863,7852,13,6950,6653,7,7160,6755,8,7558,7054,12,6642,6078,13,5664,5051,6,5012,4349,10,4935,4287,4,4998,4335,9,5324,4530,6,5411,4571,8,5580,4770,10,5249,4406,9,4783,4113,10,5184,4478,6,5225,4597,3,4736,4065,9,3035,2606,8,3622,3060,7,4482,4149,12,7273,7130,5
"Unknown","Left front third of the vehicle",50308,34967,426,2124,1516,26,2230,1693,24,2354,1713,16,2679,1983,22,2584,1819,19,2391,1672,26,2417,1687,27,2275,1645,21,2145,1513,20,2082,1465,26,1841,1285,25,1693,1164,23,1720,1196,22,1796,1210,14,1850,1267,9,1767,1181,17,1673,1119,6,1508,984,12,1605,1082,12,1565,1032,8,1571,1075,9,1190,859,8,1303,909,9,2311,1558,8,3634,2340,17
"Unknown","Left middle third of the vehicle",26992,23109,649,1174,1067,34,1241,1084,28,1316,1162,34,1278,1192,27,1165,1044,32,1151,1038,33,1129,976,31,1207,1008,46,1120,941,35,1082,918,29,936,761,21,845,708,24,957,784,16,1013,845,26,1023,872,32,1063,868,19,1103,929,27,970,835,18,1030,863,26,1045,857,17,1021,820,16,779,680,21,835,694,17,1072,886,18,1437,1277,22
"Unknown","Left rear third of the vehicle",16547,12612,63,668,541,3,712,610,4,672,549,2,828,654,2,840,703,4,732,590,3,712,553,9,686,494,4,700,479,1,621,469,3,515,387,1,505,355,2,579,421,7,554,380,1,589,421,1,613,414,6,554,351,3,471,331,2,562,406,1,539,385,0,486,327,1,413,293,1,448,335,0,961,776,0,1587,1388,2
"Unknown","Left front two-thirds of the vehicle",3,5,0,0,0,0,0,0,0,1,2,0,0,0,0,0,0,0,0,0,0,0,0,0,2,3,0,0,0,0,0,0,0,0,0,0,0,0,0,0,0,0,0,0,0,0,0,0,0,0,0,0,0,0,0,0,0,0,0,0,0,0,0,0,0,0,0,0,0,0,0,0,0,0,0,0,0,0
"Unknown","Left rear two-thirds of the vehicle",0,0,0,0,0,0,0,0,0,0,0,0,0,0,0,0,0,0,0,0,0,0,0,0,0,0,0,0,0,0,0,0,0,0,0,0,0,0,0,0,0,0,0,0,0,0,0,0,0,0,0,0,0,0,0,0,0,0,0,0,0,0,0,0,0,0,0,0,0,0,0,0,0,0,0,0,0,0
"Unknown","Entire left side",881,558,3,48,33,0,46,28,0,31,30,0,32,20,0,39,30,0,50,38,0,36,30,0,30,21,0,33,24,0,32,13,0,36,13,2,38,27,0,42,28,0,29,19,0,50,30,1,39,17,0,31,13,0,35,22,0,40,23,0,38,28,0,31,11,0,19,14,0,26,19,0,28,18,0,22,9,0
"Unknown","Left side unspecified",65,70,5,0,0,0,0,0,0,0,0,0,0,0,0,0,0,0,0,0,0,0,0,0,0,0,0,2,1,0,7,10,0,1,1,0,0,0,0,2,0,0,2,2,0,6,8,0,2,1,0,2,2,0,0,0,0,8,8,0,4,4,0,8,9,0,5,4,0,5,3,2,2,4,0,9,13,3
"Unknown","Right front third of the vehicle",50985,33305,364,2221,1543,16,2206,1554,11,2270,1561,17,2497,1664,21,2714,1757,19,2535,1689,11,2358,1524,17,2332,1595,26,2226,1569,19,2103,1419,28,1794,1197,11,1735,1219,17,1835,1246,19,1851,1195,14,1886,1172,17,1742,1097,16,1708,1061,17,1515,962,6,1634,990,14,1598,1028,4,1491,925,11,1207,812,7,1358,861,12,2315,1402,7,3854,2263,7
"Unknown","Right middle third of the vehicle",27084,21814,645,1235,1067,26,1248,1044,38,1362,1159,45,1339,1178,31,1177,977,27,1078,928,30,1185,952,26,1246,1040,40,1162,937,34,1077,812,38,921,702,35,917,689,23,932,713,21,968,772,25,1009,760,31,1074,830,31,1023,832,18,975,840,17,1008,759,15,1012,762,15,960,740,15,718,588,19,762,601,13,1130,907,19,1566,1225,13
"Unknown","Right rear third of the vehicle",16836,11754,65,711,524,1,777,573,2,811,608,6,854,662,3,913,654,2,762,613,2,779,584,6,755,505,4,704,525,4,672,439,3,583,389,1,501,299,2,552,350,1,539,354,1,582,366,4,575,361,2,524,318,0,464,283,2,573,359,3,513,318,2,490,328,4,387,259,1,436,283,2,854,599,3,1525,1201,4
"Unknown","Right front two-thirds of the vehicle",2,1,0,0,0,0,0,0,0,0,0,0,0,0,0,0,0,0,0,0,0,0,0,0,0,0,0,1,0,0,0,0,0,0,0,0,0,0,0,0,0,0,0,0,0,0,0,0,0,0,0,0,0,0,0,0,0,1,1,0,0,0,0,0,0,0,0,0,0,0,0,0,0,0,0,0,0,0
"Unknown","Right rear two-thirds of the vehicle",1,2,0,0,0,0,0,0,0,0,0,0,0,0,0,0,0,0,1,2,0,0,0,0,0,0,0,0,0,0,0,0,0,0,0,0,0,0,0,0,0,0,0,0,0,0,0,0,0,0,0,0,0,0,0,0,0,0,0,0,0,0,0,0,0,0,0,0,0,0,0,0,0,0,0,0,0,0
"Unknown","Entire right side",566,398,17,35,32,1,34,29,0,26,17,0,22,17,2,21,20,1,23,12,0,30,19,0,17,15,0,11,11,2,29,24,0,24,14,3,25,20,2,25,14,1,16,10,0,29,20,4,23,15,0,13,10,0,23,12,0,30,20,0,29,19,1,16,13,0,16,10,0,16,7,0,13,8,0,20,10,0
"Unknown","Right side unspecified",57,52,2,0,0,0,0,0,0,0,0,0,0,0,0,0,0,0,0,0,0,0,0,0,0,0,0,2,2,0,0,0,0,3,1,0,2,2,0,1,1,0,2,3,0,3,4,0,1,1,0,3,4,0,3,3,0,5,4,0,6,6,0,2,2,0,4,4,0,7,2,1,7,8,0,6,5,1
"Unknown","Undercarriage",2225,2268,27,134,143,3,136,156,0,119,134,0,127,140,2,130,143,1,120,125,1,114,118,3,113,107,1,111,110,3,85,89,1,85,91,1,94,98,2,80,85,1,76,75,0,72,69,2,72,79,0,67,69,2,68,68,1,79,61,0,71,62,0,57,47,1,52,50,0,47,48,0,57,49,1,59,52,1
"Unknown","Interior",14,5,0,0,0,0,1,1,0,0,0,0,0,0,0,0,0,0,0,0,0,0,0,0,0,0,0,0,0,0,0,0,0,1,0,0,0,0,0,0,0,0,4,1,0,0,0,0,1,0,0,1,1,0,4,1,0,0,0,0,1,0,0,0,0,0,1,1,0,0,0,0,0,0,0,0,0,0
"Unknown","Attachment (either towed or trailer) was hit first",5116,1442,19,150,43,0,220,77,0,211,79,1,206,80,0,253,75,0,204,60,0,232,59,4,254,63,0,218,56,0,204,59,0,134,44,0,180,56,1,216,71,3,241,91,0,276,73,1,252,54,1,210,55,1,148,41,1,225,59,1,220,55,1,184,42,1,151,34,0,130,32,2,215,43,0,182,41,1
"Unknown","No apparent damage",3087,964,9,55,13,0,171,26,0,142,15,0,163,32,0,183,39,1,224,41,0,153,29,0,221,44,0,123,29,1,94,16,0,92,25,0,102,31,1,85,23,0,81,15,0,138,54,0,178,77,0,221,120,0,172,86,1,83,35,0,140,72,1,143,83,2,26,19,1,37,15,0,25,13,0,35,12,1
"Unknown","Data element is not applicable",0,0,0,0,0,0,0,0,0,0,0,0,0,0,0,0,0,0,0,0,0,0,0,0,0,0,0,0,0,0,0,0,0,0,0,0,0,0,0,0,0,0,0,0,0,0,0,0,0,0,0,0,0,0,0,0,0,0,0,0,0,0,0,0,0,0,0,0,0,0,0,0,0,0,0,0,0,0
"Unknown","Choice is other than the preceding values",39228,50052,2092,1823,2553,88,1605,2233,97,1796,2455,130,1950,2634,100,1914,2661,84,2216,3059,100,2128,2782,131,2243,2961,128,2305,3042,131,2056,2696,102,1890,2415,92,1692,2225,91,2019,2536,79,1692,2065,83,1890,2222,88,1719,2061,90,1483,1774,88,1319,1569,80,1146,1374,58,1185,1353,51,906,1018,49,156,100,9,190,131,5,946,1046,68,959,1087,70
"Unknown","Unknown",127730,53505,1122,6625,2661,32,7759,3050,34,6463,2494,26,6482,2528,45,6558,2484,33,6736,2670,39,6796,2699,44,6647,2598,33,6957,2896,43,5857,2480,49,5558,2265,45,5376,2244,43,5448,2320,48,4692,2150,58,4423,2147,39,3717,1678,26,3628,1576,27,3492,1382,33,3688,1617,41,3487,1505,36,3307,1516,42,3202,1922,87,3472,1889,104,3350,1177,55,4010,1557,60
"Unknown","Jurisdiction does not provide this data element",0,0,0,0,0,0,0,0,0,0,0,0,0,0,0,0,0,0,0,0,0,0,0,0,0,0,0,0,0,0,0,0,0,0,0,0,0,0,0,0,0,0,0,0,0,0,0,0,0,0,0,0,0,0,0,0,0,0,0,0,0,0,0,0,0,0,0,0,0,0,0,0,0,0,0,0,0,0
"Jurisdiction does not provide this data element","Total",0,0,0,0,0,0,0,0,0,0,0,0,0,0,0,0,0,0,0,0,0,0,0,0,0,0,0,0,0,0,0,0,0,0,0,0,0,0,0,0,0,0,0,0,0,0,0,0,0,0,0,0,0,0,0,0,0,0,0,0,0,0,0,0,0,0,0,0,0,0,0,0,0,0,0,0,0,0
"Jurisdiction does not provide this data element","Front, includes engine hood & windshield",0,0,0,0,0,0,0,0,0,0,0,0,0,0,0,0,0,0,0,0,0,0,0,0,0,0,0,0,0,0,0,0,0,0,0,0,0,0,0,0,0,0,0,0,0,0,0,0,0,0,0,0,0,0,0,0,0,0,0,0,0,0,0,0,0,0,0,0,0,0,0,0,0,0,0,0,0,0
"Jurisdiction does not provide this data element","Roof",0,0,0,0,0,0,0,0,0,0,0,0,0,0,0,0,0,0,0,0,0,0,0,0,0,0,0,0,0,0,0,0,0,0,0,0,0,0,0,0,0,0,0,0,0,0,0,0,0,0,0,0,0,0,0,0,0,0,0,0,0,0,0,0,0,0,0,0,0,0,0,0,0,0,0,0,0,0
"Jurisdiction does not provide this data element","Rear, including trunk",0,0,0,0,0,0,0,0,0,0,0,0,0,0,0,0,0,0,0,0,0,0,0,0,0,0,0,0,0,0,0,0,0,0,0,0,0,0,0,0,0,0,0,0,0,0,0,0,0,0,0,0,0,0,0,0,0,0,0,0,0,0,0,0,0,0,0,0,0,0,0,0,0,0,0,0,0,0
"Jurisdiction does not provide this data element","Left front third of the vehicle",0,0,0,0,0,0,0,0,0,0,0,0,0,0,0,0,0,0,0,0,0,0,0,0,0,0,0,0,0,0,0,0,0,0,0,0,0,0,0,0,0,0,0,0,0,0,0,0,0,0,0,0,0,0,0,0,0,0,0,0,0,0,0,0,0,0,0,0,0,0,0,0,0,0,0,0,0,0
"Jurisdiction does not provide this data element","Left middle third of the vehicle",0,0,0,0,0,0,0,0,0,0,0,0,0,0,0,0,0,0,0,0,0,0,0,0,0,0,0,0,0,0,0,0,0,0,0,0,0,0,0,0,0,0,0,0,0,0,0,0,0,0,0,0,0,0,0,0,0,0,0,0,0,0,0,0,0,0,0,0,0,0,0,0,0,0,0,0,0,0
"Jurisdiction does not provide this data element","Left rear third of the vehicle",0,0,0,0,0,0,0,0,0,0,0,0,0,0,0,0,0,0,0,0,0,0,0,0,0,0,0,0,0,0,0,0,0,0,0,0,0,0,0,0,0,0,0,0,0,0,0,0,0,0,0,0,0,0,0,0,0,0,0,0,0,0,0,0,0,0,0,0,0,0,0,0,0,0,0,0,0,0
"Jurisdiction does not provide this data element","Left front two-thirds of the vehicle",0,0,0,0,0,0,0,0,0,0,0,0,0,0,0,0,0,0,0,0,0,0,0,0,0,0,0,0,0,0,0,0,0,0,0,0,0,0,0,0,0,0,0,0,0,0,0,0,0,0,0,0,0,0,0,0,0,0,0,0,0,0,0,0,0,0,0,0,0,0,0,0,0,0,0,0,0,0
"Jurisdiction does not provide this data element","Left rear two-thirds of the vehicle",0,0,0,0,0,0,0,0,0,0,0,0,0,0,0,0,0,0,0,0,0,0,0,0,0,0,0,0,0,0,0,0,0,0,0,0,0,0,0,0,0,0,0,0,0,0,0,0,0,0,0,0,0,0,0,0,0,0,0,0,0,0,0,0,0,0,0,0,0,0,0,0,0,0,0,0,0,0
"Jurisdiction does not provide this data element","Entire left side",0,0,0,0,0,0,0,0,0,0,0,0,0,0,0,0,0,0,0,0,0,0,0,0,0,0,0,0,0,0,0,0,0,0,0,0,0,0,0,0,0,0,0,0,0,0,0,0,0,0,0,0,0,0,0,0,0,0,0,0,0,0,0,0,0,0,0,0,0,0,0,0,0,0,0,0,0,0
"Jurisdiction does not provide this data element","Left side unspecified",0,0,0,0,0,0,0,0,0,0,0,0,0,0,0,0,0,0,0,0,0,0,0,0,0,0,0,0,0,0,0,0,0,0,0,0,0,0,0,0,0,0,0,0,0,0,0,0,0,0,0,0,0,0,0,0,0,0,0,0,0,0,0,0,0,0,0,0,0,0,0,0,0,0,0,0,0,0
"Jurisdiction does not provide this data element","Right front third of the vehicle",0,0,0,0,0,0,0,0,0,0,0,0,0,0,0,0,0,0,0,0,0,0,0,0,0,0,0,0,0,0,0,0,0,0,0,0,0,0,0,0,0,0,0,0,0,0,0,0,0,0,0,0,0,0,0,0,0,0,0,0,0,0,0,0,0,0,0,0,0,0,0,0,0,0,0,0,0,0
"Jurisdiction does not provide this data element","Right middle third of the vehicle",0,0,0,0,0,0,0,0,0,0,0,0,0,0,0,0,0,0,0,0,0,0,0,0,0,0,0,0,0,0,0,0,0,0,0,0,0,0,0,0,0,0,0,0,0,0,0,0,0,0,0,0,0,0,0,0,0,0,0,0,0,0,0,0,0,0,0,0,0,0,0,0,0,0,0,0,0,0
"Jurisdiction does not provide this data element","Right rear third of the vehicle",0,0,0,0,0,0,0,0,0,0,0,0,0,0,0,0,0,0,0,0,0,0,0,0,0,0,0,0,0,0,0,0,0,0,0,0,0,0,0,0,0,0,0,0,0,0,0,0,0,0,0,0,0,0,0,0,0,0,0,0,0,0,0,0,0,0,0,0,0,0,0,0,0,0,0,0,0,0
"Jurisdiction does not provide this data element","Right front two-thirds of the vehicle",0,0,0,0,0,0,0,0,0,0,0,0,0,0,0,0,0,0,0,0,0,0,0,0,0,0,0,0,0,0,0,0,0,0,0,0,0,0,0,0,0,0,0,0,0,0,0,0,0,0,0,0,0,0,0,0,0,0,0,0,0,0,0,0,0,0,0,0,0,0,0,0,0,0,0,0,0,0
"Jurisdiction does not provide this data element","Right rear two-thirds of the vehicle",0,0,0,0,0,0,0,0,0,0,0,0,0,0,0,0,0,0,0,0,0,0,0,0,0,0,0,0,0,0,0,0,0,0,0,0,0,0,0,0,0,0,0,0,0,0,0,0,0,0,0,0,0,0,0,0,0,0,0,0,0,0,0,0,0,0,0,0,0,0,0,0,0,0,0,0,0,0
"Jurisdiction does not provide this data element","Entire right side",0,0,0,0,0,0,0,0,0,0,0,0,0,0,0,0,0,0,0,0,0,0,0,0,0,0,0,0,0,0,0,0,0,0,0,0,0,0,0,0,0,0,0,0,0,0,0,0,0,0,0,0,0,0,0,0,0,0,0,0,0,0,0,0,0,0,0,0,0,0,0,0,0,0,0,0,0,0
"Jurisdiction does not provide this data element","Right side unspecified",0,0,0,0,0,0,0,0,0,0,0,0,0,0,0,0,0,0,0,0,0,0,0,0,0,0,0,0,0,0,0,0,0,0,0,0,0,0,0,0,0,0,0,0,0,0,0,0,0,0,0,0,0,0,0,0,0,0,0,0,0,0,0,0,0,0,0,0,0,0,0,0,0,0,0,0,0,0
"Jurisdiction does not provide this data element","Undercarriage",0,0,0,0,0,0,0,0,0,0,0,0,0,0,0,0,0,0,0,0,0,0,0,0,0,0,0,0,0,0,0,0,0,0,0,0,0,0,0,0,0,0,0,0,0,0,0,0,0,0,0,0,0,0,0,0,0,0,0,0,0,0,0,0,0,0,0,0,0,0,0,0,0,0,0,0,0,0
"Jurisdiction does not provide this data element","Interior",0,0,0,0,0,0,0,0,0,0,0,0,0,0,0,0,0,0,0,0,0,0,0,0,0,0,0,0,0,0,0,0,0,0,0,0,0,0,0,0,0,0,0,0,0,0,0,0,0,0,0,0,0,0,0,0,0,0,0,0,0,0,0,0,0,0,0,0,0,0,0,0,0,0,0,0,0,0
"Jurisdiction does not provide this data element","Attachment (either towed or trailer) was hit first",0,0,0,0,0,0,0,0,0,0,0,0,0,0,0,0,0,0,0,0,0,0,0,0,0,0,0,0,0,0,0,0,0,0,0,0,0,0,0,0,0,0,0,0,0,0,0,0,0,0,0,0,0,0,0,0,0,0,0,0,0,0,0,0,0,0,0,0,0,0,0,0,0,0,0,0,0,0
"Jurisdiction does not provide this data element","No apparent damage",0,0,0,0,0,0,0,0,0,0,0,0,0,0,0,0,0,0,0,0,0,0,0,0,0,0,0,0,0,0,0,0,0,0,0,0,0,0,0,0,0,0,0,0,0,0,0,0,0,0,0,0,0,0,0,0,0,0,0,0,0,0,0,0,0,0,0,0,0,0,0,0,0,0,0,0,0,0
"Jurisdiction does not provide this data element","Data element is not applicable",0,0,0,0,0,0,0,0,0,0,0,0,0,0,0,0,0,0,0,0,0,0,0,0,0,0,0,0,0,0,0,0,0,0,0,0,0,0,0,0,0,0,0,0,0,0,0,0,0,0,0,0,0,0,0,0,0,0,0,0,0,0,0,0,0,0,0,0,0,0,0,0,0,0,0,0,0,0
"Jurisdiction does not provide this data element","Choice is other than the preceding values",0,0,0,0,0,0,0,0,0,0,0,0,0,0,0,0,0,0,0,0,0,0,0,0,0,0,0,0,0,0,0,0,0,0,0,0,0,0,0,0,0,0,0,0,0,0,0,0,0,0,0,0,0,0,0,0,0,0,0,0,0,0,0,0,0,0,0,0,0,0,0,0,0,0,0,0,0,0
"Jurisdiction does not provide this data element","Unknown",0,0,0,0,0,0,0,0,0,0,0,0,0,0,0,0,0,0,0,0,0,0,0,0,0,0,0,0,0,0,0,0,0,0,0,0,0,0,0,0,0,0,0,0,0,0,0,0,0,0,0,0,0,0,0,0,0,0,0,0,0,0,0,0,0,0,0,0,0,0,0,0,0,0,0,0,0,0
"Jurisdiction does not provide this data element","Jurisdiction does not provide this data element",0,0,0,0,0,0,0,0,0,0,0,0,0,0,0,0,0,0,0,0,0,0,0,0,0,0,0,0,0,0,0,0,0,0,0,0,0,0,0,0,0,0,0,0,0,0,0,0,0,0,0,0,0,0,0,0,0,0,0,0,0,0,0,0,0,0,0,0,0,0,0,0,0,0,0,0,0,0
